time,融合1,融合2,融合3
2020-11-30 03:12:15,421.80341432251817,429.5616660440032,424.6806932357318
2020-11-30 03:12:20,421.80341432251817,429.5616660440032,424.4945613078703
2020-11-30 03:12:25,421.7915034678089,429.5616660440032,424.4945613078703
2020-11-30 03:12:30,421.7915034678089,429.5616660440032,424.4945613078703
2020-11-30 03:12:35,421.7771675740011,429.5616660440032,424.4945613078703
2020-11-30 03:12:40,421.69522137079167,429.5616660440032,424.4945613078703
2020-11-30 03:12:45,421.69522137079167,429.5616660440032,424.4945613078703
2020-11-30 03:12:50,421.69522137079167,429.5616660440032,424.4945613078703
2020-11-30 03:12:55,421.69522137079167,429.5616660440032,424.43900359218986
2020-11-30 03:13:00,421.69522137079167,429.5616660440032,424.43900359218986
2020-11-30 03:13:05,421.69522137079167,429.5616660440032,424.43900359218986
2020-11-30 03:13:10,421.69522137079167,429.5616660440032,424.43900359218986
2020-11-30 03:13:15,421.69522137079167,429.5616660440032,424.43900359218986
2020-11-30 03:13:20,421.69522137079167,429.5616660440032,424.43900359218986
2020-11-30 03:13:25,421.69522137079167,429.5616660440032,424.43900359218986
2020-11-30 03:13:30,421.69522137079167,429.5616660440032,424.43900359218986
2020-11-30 03:13:35,421.69522137079167,429.5616660440032,424.43900359218986
2020-11-30 03:13:40,421.69522137079167,429.5616660440032,424.43900359218986
2020-11-30 03:13:45,421.69522137079167,429.5616660440032,424.4555053157469
2020-11-30 03:13:50,421.69522137079167,429.5616660440032,424.4555053157469
2020-11-30 03:13:55,421.7560762364042,429.5616660440032,424.4555053157469
2020-11-30 03:14:00,421.7560762364042,429.5616660440032,424.4555053157469
2020-11-30 03:14:05,421.83964072258374,429.5616660440032,424.4555053157469
2020-11-30 03:14:10,421.83964072258374,429.5616660440032,424.4555053157469
2020-11-30 03:14:15,421.83964072258374,429.5616660440032,424.4555053157469
2020-11-30 03:14:20,421.9066960933694,429.5616660440032,424.4555053157469
2020-11-30 03:14:25,421.9066960933694,429.5616660440032,424.4555053157469
2020-11-30 03:14:30,421.9066960933694,429.5616660440032,424.4878497748416
2020-11-30 03:14:35,421.9066960933694,429.5616660440032,424.4878497748416
2020-11-30 03:14:40,421.9066960933694,429.5616660440032,424.4878497748416
2020-11-30 03:14:45,421.9066960933694,429.5616660440032,424.49747915702767
2020-11-30 03:14:50,421.9066960933694,429.5616660440032,424.49747915702767
2020-11-30 03:14:55,421.9066960933694,429.5616660440032,424.49747915702767
2020-11-30 03:15:00,421.9066960933694,429.5616660440032,424.49747915702767
2020-11-30 03:15:05,421.9066960933694,429.5616660440032,424.4963778530403
2020-11-30 03:15:10,421.9066960933694,429.5616660440032,424.4963778530403
2020-11-30 03:15:15,421.9066960933694,429.5616660440032,424.4963778530403
2020-11-30 03:15:20,421.9066960933694,429.47307684096614,424.4963778530403
2020-11-30 03:15:25,421.76502909433975,429.47307684096614,424.3695778109551
2020-11-30 03:15:30,421.5506829627676,429.47307684096614,423.9126635524386
2020-11-30 03:15:35,421.5506829627676,429.47307684096614,423.86710410599795
2020-11-30 03:15:40,421.41701411286806,428.71943995726775,423.65064406295363
2020-11-30 03:15:45,421.2006009026677,428.68345535379257,423.61356470402507
2020-11-30 03:15:50,420.92490983465717,428.6386755743372,423.15824194691356
2020-11-30 03:15:55,420.7685004472188,428.6386755743372,422.8385424852723
2020-11-30 03:16:00,420.7685004472188,428.6386755743372,422.66221459056726
2020-11-30 03:16:05,420.41142148685236,427.95394149230043,422.61096271141065
2020-11-30 03:16:10,420.3381588141299,427.91561526150093,422.467778016984
2020-11-30 03:16:15,420.1723737395703,427.86532354977527,422.13620476393277
2020-11-30 03:16:20,419.81089674020484,427.6154872423787,421.80158504402107
2020-11-30 03:16:25,419.7576735325683,427.2579080430952,421.6157145417397
2020-11-30 03:16:30,419.6241837157022,426.9694166445186,421.56136271860294
2020-11-30 03:16:35,419.6241837157022,426.8604679799194,421.5434788468205
2020-11-30 03:16:40,419.4582734765319,426.8604679799194,421.5434788468205
2020-11-30 03:16:45,419.4036177758033,426.59550194263744,421.27072825459624
2020-11-30 03:16:50,419.39189601248677,426.5727050576703,421.27072825459624
2020-11-30 03:16:55,419.39189601248677,426.5727050576703,421.27072825459624
2020-11-30 03:17:00,419.1266382472164,426.3125118081405,421.14238884521797
2020-11-30 03:17:05,419.03277541330607,425.9562415305412,421.0395343803281
2020-11-30 03:17:10,419.03277541330607,425.93894623018804,420.63212338520094
2020-11-30 03:17:15,418.8213704920375,425.93894623018804,420.6425152291132
2020-11-30 03:17:20,418.75629110096213,425.67583882986025,420.61295544682963
2020-11-30 03:17:25,418.75629110096213,425.67583882986025,420.62395242320105
2020-11-30 03:17:30,418.75629110096213,425.6076351787003,420.52885231864775
2020-11-30 03:17:35,418.691587099457,425.6076351787003,420.52885231864775
2020-11-30 03:17:40,418.691587099457,425.62796454956214,420.3780986653566
2020-11-30 03:17:45,418.5051474229114,425.3280342757265,420.43386156151774
2020-11-30 03:17:50,418.4022447126615,424.9952392301373,420.30635314619974
2020-11-30 03:17:55,418.25038153392404,424.7075009494438,420.1337272593721
2020-11-30 03:18:00,418.18813653155587,424.6677743132613,420.1337272593721
2020-11-30 03:18:05,417.9701333727262,424.6677743132613,420.06939608733467
2020-11-30 03:18:10,417.7915738730808,424.69224161582457,419.93253429979995
2020-11-30 03:18:15,417.7915738730808,424.69224161582457,419.94375365866193
2020-11-30 03:18:20,417.7915738730808,424.69224161582457,419.84809599346676
2020-11-30 03:18:25,417.7107496878661,424.6398927261687,419.65102160991165
2020-11-30 03:18:30,417.5943960444423,424.0890011786793,419.3218659169943
2020-11-30 03:18:35,417.45160927139926,424.0461876337806,419.077300118347
2020-11-30 03:18:40,417.26646371324097,423.6778666661155,419.01612314017217
2020-11-30 03:18:45,416.9623110281695,423.6349795391154,419.01612314017217
2020-11-30 03:18:50,416.9623110281695,423.6349795391154,418.9269423728865
2020-11-30 03:18:55,416.7548954122438,423.6349795391154,418.82579062160386
2020-11-30 03:19:00,416.7548954122438,423.6349795391154,418.82911515109845
2020-11-30 03:19:05,416.6866134193672,423.6608579655986,418.6369938893626
2020-11-30 03:19:10,416.6866134193672,423.39137490513207,418.4893517552669
2020-11-30 03:19:15,416.6866134193672,423.3140494843374,418.26893598891223
2020-11-30 03:19:20,416.46459670382836,423.05558055264913,418.26893598891223
2020-11-30 03:19:25,416.27029565927415,423.01584221560626,417.95979893249654
2020-11-30 03:19:30,416.1099077848751,422.62215659747227,417.95979893249654
2020-11-30 03:19:35,416.073087078323,422.62215659747227,417.95979893249654
2020-11-30 03:19:40,416.073087078323,422.5803432343589,417.95979893249654
2020-11-30 03:19:45,416.073087078323,422.5803432343589,417.87053658718787
2020-11-30 03:19:50,416.073087078323,422.6062857998884,417.87053658718787
2020-11-30 03:19:55,416.00590399950823,422.6062857998884,417.87053658718787
2020-11-30 03:20:00,416.00590399950823,422.6062857998884,417.82270067808275
2020-11-30 03:20:05,416.00590399950823,422.3367923363411,417.82270067808275
2020-11-30 03:20:10,416.00590399950823,422.3367923363411,417.82270067808275
2020-11-30 03:20:15,416.00590399950823,422.3367923363411,417.8567229741853
2020-11-30 03:20:20,415.9228980103184,422.36393519995295,417.86531884935476
2020-11-30 03:20:25,415.9228980103184,422.36393519995295,417.86531884935476
2020-11-30 03:20:30,415.9228980103184,422.36393519995295,417.86531884935476
2020-11-30 03:20:35,415.9228980103184,422.36393519995295,417.86531884935476
2020-11-30 03:20:40,415.9228980103184,422.36393519995295,417.87580591193944
2020-11-30 03:20:45,415.9228980103184,422.36393519995295,417.8477838649692
2020-11-30 03:20:50,415.9228980103184,422.36393519995295,417.8477838649692
2020-11-30 03:20:55,415.9228980103184,422.36393519995295,417.8477838649692
2020-11-30 03:21:00,415.9228980103184,422.36393519995295,417.8477838649692
2020-11-30 03:21:05,415.8828222003803,422.36393519995295,417.8477838649692
2020-11-30 03:21:10,415.8828222003803,422.36393519995295,417.8477838649692
2020-11-30 03:21:15,415.8828222003803,422.36393519995295,417.8477838649692
2020-11-30 03:21:20,415.8828222003803,422.36393519995295,417.8477838649692
2020-11-30 03:21:25,415.8828222003803,422.36393519995295,417.8477838649692
2020-11-30 03:21:30,415.8828222003803,422.36393519995295,417.8477838649692
2020-11-30 03:21:35,415.8828222003803,422.36393519995295,417.8477838649692
2020-11-30 03:21:40,415.8828222003803,422.36393519995295,417.8477838649692
2020-11-30 03:21:45,415.8828222003803,422.36393519995295,417.8477838649692
2020-11-30 03:21:50,415.94520290227825,422.36393519995295,417.8477838649692
2020-11-30 03:21:55,415.94520290227825,422.36393519995295,417.8477838649692
2020-11-30 03:22:00,416.0514849510023,422.36393519995295,417.8477838649692
2020-11-30 03:22:05,416.0514849510023,422.36393519995295,418.0779719736429
2020-11-30 03:22:10,416.1367146332108,422.36393519995295,418.0779719736429
2020-11-30 03:22:15,416.1831572958912,422.49465408350204,418.0779719736429
2020-11-30 03:22:20,416.2615933816466,422.49465408350204,418.0779719736429
2020-11-30 03:22:25,416.31284572587714,422.49465408350204,418.0569156111006
2020-11-30 03:22:30,416.43782433629036,422.8771132339436,418.04898712712264
2020-11-30 03:22:35,416.6654006381991,422.94502185663526,418.42933934093026
2020-11-30 03:22:40,416.7612460117535,422.94502185663526,418.7920483378633
2020-11-30 03:22:45,416.7951074442815,422.94502185663526,418.8104584486609
2020-11-30 03:22:50,416.9617119778591,422.909957656834,418.9523421395101
2020-11-30 03:22:55,417.0347574972231,423.06293173843125,419.001135637615
2020-11-30 03:23:00,417.2930459189692,423.779973827552,419.001135637615
2020-11-30 03:23:05,417.4379221080069,423.7397441198651,419.3961602962987
2020-11-30 03:23:10,417.52907632015695,423.7397441198651,419.8292979919933
2020-11-30 03:23:15,417.86749530481904,423.8188634479724,419.814582340316
2020-11-30 03:23:20,417.86749530481904,423.9587838576809,419.814582340316
2020-11-30 03:23:25,417.942465797265,423.97423731768583,419.8214955101864
2020-11-30 03:23:30,418.1493513069918,423.97423731768583,420.12139625579726
2020-11-30 03:23:35,418.21874791595724,424.6372828332053,420.17629613459167
2020-11-30 03:23:40,418.28246699975307,424.7464035424099,420.49597730513295
2020-11-30 03:23:45,418.2946880035124,424.7464035424099,420.68667709394106
2020-11-30 03:23:50,418.39382232085444,424.7464035424099,420.68667709394106
2020-11-30 03:23:55,418.6838214996658,425.03592827605826,420.8106973192899
2020-11-30 03:24:00,418.7538527596902,425.05469723893685,420.9278609389054
2020-11-30 03:24:05,418.8100448503203,424.9480459441764,420.9116729490423
2020-11-30 03:24:10,418.8100448503203,424.9480459441764,420.9813436869535
2020-11-30 03:24:15,419.0020642212439,425.2377193974351,421.05890297619504
2020-11-30 03:24:20,419.07107649930236,425.64534703078175,421.2943162423931
2020-11-30 03:24:25,419.14292740628844,425.64534703078175,421.78596901679725
2020-11-30 03:24:30,419.2569820453052,425.64534703078175,421.78596901679725
2020-11-30 03:24:35,419.33280240300354,425.64534703078175,421.78405553235785
2020-11-30 03:24:40,419.41744132261636,425.61041592455837,421.81440936082134
2020-11-30 03:24:45,419.41744132261636,425.8253389506289,421.81440936082134
2020-11-30 03:24:50,419.4860553577651,425.8434105068171,421.9365162779076
2020-11-30 03:24:55,419.66271953217387,425.8434105068171,422.05195763646566
2020-11-30 03:25:00,419.6752947364003,425.8434105068171,422.05195763646566
2020-11-30 03:25:05,419.6752947364003,425.91252837418017,422.0465031175425
2020-11-30 03:25:10,419.6752947364003,425.91252837418017,422.1648969782386
2020-11-30 03:25:15,419.7123022287963,426.022477501727,422.2457334231757
2020-11-30 03:25:20,419.72375381512205,426.3134593356617,422.2457334231757
2020-11-30 03:25:25,419.78095122282826,426.2741615713747,422.2457334231757
2020-11-30 03:25:30,419.82583020750747,426.2741615713747,422.6110798457925
2020-11-30 03:25:35,419.82583020750747,426.2741615713747,422.8692624652183
2020-11-30 03:25:40,419.9536040744771,426.2741615713747,422.9246871310263
2020-11-30 03:25:45,419.9536040744771,426.6777456992808,422.9246871310263
2020-11-30 03:25:50,420.03370284977,426.6777456992808,422.9246871310263
2020-11-30 03:25:55,420.03370284977,426.6397670541181,422.93023908698217
2020-11-30 03:26:00,420.03370284977,426.6397670541181,422.93023908698217
2020-11-30 03:26:05,420.08578308126255,426.6397670541181,422.91005713957315
2020-11-30 03:26:10,420.08578308126255,426.6397670541181,422.91005713957315
2020-11-30 03:26:15,420.31573476295335,426.6397670541181,422.9433691437966
2020-11-30 03:26:20,420.31573476295335,426.6397670541181,422.9433691437966
2020-11-30 03:26:25,420.39241828901316,426.6397670541181,422.9433691437966
2020-11-30 03:26:30,420.39241828901316,426.6397670541181,422.9433691437966
2020-11-30 03:26:35,420.6081580778176,426.69793228035047,423.2039913874496
2020-11-30 03:26:40,420.620808362783,426.69793228035047,423.2070492279056
2020-11-30 03:26:45,420.65470406789694,426.69793228035047,423.21973075858307
2020-11-30 03:26:50,420.65470406789694,426.6586851158635,423.3298368775546
2020-11-30 03:26:55,420.65470406789694,426.6014792933444,423.3298368775546
2020-11-30 03:27:00,420.65470406789694,426.81913277350884,423.4425271529281
2020-11-30 03:27:05,420.65470406789694,426.81913277350884,423.5990845401924
2020-11-30 03:27:10,420.65470406789694,426.81913277350884,423.5990845401924
2020-11-30 03:27:15,420.89708969705487,426.81913277350884,423.7633698548167
2020-11-30 03:27:20,420.93308717023933,426.81913277350884,423.7633698548167
2020-11-30 03:27:25,420.97655223944093,427.1062727240862,423.91069342548934
2020-11-30 03:27:30,420.97655223944093,427.1062727240862,423.98475367451283
2020-11-30 03:27:35,421.0822785342334,427.2824167764159,423.9994181061978
2020-11-30 03:27:40,421.2972460175109,427.3370092112064,423.9994181061978
2020-11-30 03:27:45,421.4104712191582,427.74549579535415,424.3379899432948
2020-11-30 03:27:50,421.55834417412257,427.7060803812995,424.32025840586203
2020-11-30 03:27:55,421.55834417412257,427.7060803812995,424.36858044226085
2020-11-30 03:28:00,421.55834417412257,427.64379688698483,424.55885468023877
2020-11-30 03:28:05,421.55834417412257,427.60968908187976,424.66131590281515
2020-11-30 03:28:10,421.6277355208068,427.60968908187976,424.66131590281515
2020-11-30 03:28:15,421.6778140378966,427.82713213230187,424.8561185388476
2020-11-30 03:28:20,421.71465894604313,428.1139683190175,424.87849994863797
2020-11-30 03:28:25,421.82269189816736,428.1139683190175,424.93570454806735
2020-11-30 03:28:30,421.82269189816736,428.1139683190175,424.93570454806735
2020-11-30 03:28:35,421.82269189816736,428.1139683190175,424.93570454806735
2020-11-30 03:28:40,421.9327725546961,428.1139683190175,425.03706086457436
2020-11-30 03:28:45,422.03054474247045,428.1139683190175,425.03706086457436
2020-11-30 03:28:50,422.03054474247045,428.0833759773293,425.125334752268
2020-11-30 03:28:55,422.03054474247045,428.0833759773293,425.125334752268
2020-11-30 03:29:00,422.03054474247045,428.0833759773293,425.125334752268
2020-11-30 03:29:05,422.03054474247045,428.0833759773293,425.125334752268
2020-11-30 03:29:10,422.0452096022224,428.0833759773293,425.2548084875846
2020-11-30 03:29:15,422.0452096022224,428.0833759773293,425.2548084875846
2020-11-30 03:29:20,422.0452096022224,428.0833759773293,425.2548084875846
2020-11-30 03:29:25,422.0452096022224,428.0833759773293,425.2548084875846
2020-11-30 03:29:30,422.0452096022224,428.0833759773293,425.2548084875846
2020-11-30 03:29:35,422.0452096022224,428.0833759773293,425.2548084875846
2020-11-30 03:29:40,422.0452096022224,428.0833759773293,425.2548084875846
2020-11-30 03:29:45,422.0452096022224,428.0833759773293,425.2548084875846
2020-11-30 03:29:50,422.0452096022224,428.0833759773293,425.2548084875846
2020-11-30 03:29:55,422.0452096022224,428.0833759773293,425.2548084875846
2020-11-30 03:30:00,422.0452096022224,428.0833759773293,425.2548084875846
2020-11-30 03:30:05,422.0452096022224,428.0833759773293,425.2548084875846
2020-11-30 03:30:10,422.0452096022224,428.0833759773293,425.2548084875846
2020-11-30 03:30:15,422.0452096022224,428.0833759773293,425.2548084875846
2020-11-30 03:30:20,422.0452096022224,428.0833759773293,425.2548084875846
2020-11-30 03:30:25,422.0452096022224,428.0833759773293,425.2548084875846
2020-11-30 03:30:30,422.0452096022224,428.0833759773293,425.2548084875846
2020-11-30 03:30:35,422.11128240406407,428.0833759773293,425.2548084875846
2020-11-30 03:30:40,422.18688400959,428.0833759773293,425.2548084875846
2020-11-30 03:30:45,422.2588986888565,428.0833759773293,425.31921016576064
2020-11-30 03:30:50,422.2588986888565,428.0833759773293,425.31921016576064
2020-11-30 03:30:55,422.31601983927374,428.1498035068001,425.31921016576064
2020-11-30 03:31:00,422.3269310166091,428.1498035068001,425.3063697202705
2020-11-30 03:31:05,422.428793483646,428.25293738034827,425.3063697202705
2020-11-30 03:31:10,422.428793483646,428.25293738034827,425.3063697202705
2020-11-30 03:31:15,422.4707445470129,428.25293738034827,425.3063697202705
2020-11-30 03:31:20,422.5415832149635,428.1960009899215,425.3063697202705
2020-11-30 03:31:25,422.5415832149635,428.1960009899215,425.31324431824027
2020-11-30 03:31:30,422.5415832149635,428.1960009899215,425.46836888113637
2020-11-30 03:31:35,422.5415832149635,428.1960009899215,425.46836888113637
2020-11-30 03:31:40,422.5415832149635,428.1960009899215,425.46836888113637
2020-11-30 03:31:45,422.5415832149635,428.1960009899215,425.46836888113637
2020-11-30 03:31:50,422.5415832149635,428.1960009899215,425.46836888113637
2020-11-30 03:31:55,422.5415832149635,428.1960009899215,425.46836888113637
2020-11-30 03:32:00,422.5415832149635,428.1960009899215,425.46836888113637
2020-11-30 03:32:05,422.5415832149635,428.1960009899215,425.46836888113637
2020-11-30 03:32:10,422.5415832149635,428.1960009899215,425.46836888113637
2020-11-30 03:32:15,422.5415832149635,428.1960009899215,425.46836888113637
2020-11-30 03:32:20,422.5415832149635,428.1960009899215,425.46836888113637
2020-11-30 03:32:25,422.5415832149635,428.1960009899215,425.46836888113637
2020-11-30 03:32:30,422.5415832149635,428.1960009899215,425.46836888113637
2020-11-30 03:32:35,422.5415832149635,428.1960009899215,425.46836888113637
2020-11-30 03:32:40,422.469081681647,428.1960009899215,425.46836888113637
2020-11-30 03:32:45,422.469081681647,428.22781854543285,425.46836888113637
2020-11-30 03:32:50,422.4119678945672,428.22781854543285,425.46836888113637
2020-11-30 03:32:55,422.37716748283515,428.22781854543285,425.42188739415417
2020-11-30 03:33:00,422.37716748283515,428.13663393505936,425.2599162167608
2020-11-30 03:33:05,422.37716748283515,428.13663393505936,425.2599162167608
2020-11-30 03:33:10,422.2311857587207,428.13663393505936,425.1893957649704
2020-11-30 03:33:15,422.1650931164695,428.13663393505936,425.16549364295423
2020-11-30 03:33:20,422.0647364015252,428.13663393505936,425.16549364295423
2020-11-30 03:33:25,422.0647364015252,428.1139683190175,425.16549364295423
2020-11-30 03:33:30,422.0647364015252,428.1139683190175,424.92984817663984
2020-11-30 03:33:35,421.93468804538685,428.1139683190175,424.92984817663984
2020-11-30 03:33:40,421.84198172158005,428.1139683190175,424.796688327668
2020-11-30 03:33:45,421.71214514897684,427.769912897377,424.796688327668
2020-11-30 03:33:50,421.59432537863546,427.4195264938744,424.71630458257255
2020-11-30 03:33:55,421.48571216527364,427.45017062456236,424.3890743186037
2020-11-30 03:34:00,421.2340865483399,427.3597816866133,424.31582002188304
2020-11-30 03:34:05,421.13363416465097,427.3597816866133,424.31582002188304
2020-11-30 03:34:10,421.0644037777624,427.30206634370853,424.14416533896224
2020-11-30 03:34:15,420.99146744539405,427.30206634370853,423.8484432922543
2020-11-30 03:34:20,420.7947041500593,426.9400758597803,423.84030648398345
2020-11-30 03:34:25,420.70319175789285,426.97963196861764,423.75129051428723
2020-11-30 03:34:30,420.5648169099284,426.930965656273,423.677065328938
2020-11-30 03:34:35,420.4599345130319,426.89406967727314,423.34575024687933
2020-11-30 03:34:40,420.1420264746639,426.32273135771385,423.2865597908689
2020-11-30 03:34:45,420.05304000986195,426.32273135771385,423.2865597908689
2020-11-30 03:34:50,420.05304000986195,425.8831590918133,422.9456257796355
2020-11-30 03:34:55,419.9251283264023,425.8831590918133,422.7984942887394
2020-11-30 03:35:00,419.72305586352115,425.8451916916786,422.756141145542
2020-11-30 03:35:05,419.2937873226686,425.842322100267,422.50507092623786
2020-11-30 03:35:10,419.1266362897895,425.5551629924458,422.3581714934821
2020-11-30 03:35:15,419.07794970079686,425.23820425738853,422.2513868600932
2020-11-30 03:35:20,419.0160060215875,424.8762032914383,422.00077468780466
2020-11-30 03:35:25,418.95225326790904,424.8378340688039,421.74290185194485
2020-11-30 03:35:30,418.7558955561283,424.7665008062876,421.72731169146584
2020-11-30 03:35:35,418.4404155064072,424.8057364344734,421.6069350580493
2020-11-30 03:35:40,418.23488527401713,424.48842451384087,421.5449478326187
2020-11-30 03:35:45,418.1258156199433,424.2300452836335,421.53935735442565
2020-11-30 03:35:50,418.08680558526714,423.8296851256594,421.1147186372959
2020-11-30 03:35:55,417.82844861403544,423.8296851256594,420.85662578243216
2020-11-30 03:36:00,417.82844861403544,423.85144540945765,420.85662578243216
2020-11-30 03:36:05,417.745516505252,423.91990893007386,420.5747469966268
2020-11-30 03:36:10,417.745516505252,423.91990893007386,420.5747469966268
2020-11-30 03:36:15,417.66344444571337,423.6170763596226,420.59895802001233
2020-11-30 03:36:20,417.58072206551134,423.1900273426254,420.59895802001233
2020-11-30 03:36:25,417.39864099108956,423.1900273426254,420.59895802001233
2020-11-30 03:36:30,417.39864099108956,423.1900273426254,420.59895802001233
2020-11-30 03:36:35,417.39864099108956,423.21421375709997,420.30551267642625
2020-11-30 03:36:40,417.39864099108956,423.1982880776579,420.30551267642625
2020-11-30 03:36:45,417.387818412916,423.1982880776579,420.2877195501432
2020-11-30 03:36:50,417.387818412916,422.8215937397749,420.2877195501432
2020-11-30 03:36:55,417.387818412916,422.8215937397749,420.2877195501432
2020-11-30 03:37:00,417.387818412916,422.8215937397749,420.2877195501432
2020-11-30 03:37:05,417.387818412916,422.57784906065075,420.29963698747406
2020-11-30 03:37:10,417.387818412916,422.57784906065075,420.29963698747406
2020-11-30 03:37:15,417.387818412916,422.57784906065075,420.29963698747406
2020-11-30 03:37:20,417.387818412916,422.57784906065075,420.29963698747406
2020-11-30 03:37:25,417.387818412916,422.6314711606617,420.29963698747406
2020-11-30 03:37:30,417.387818412916,422.6314711606617,420.29963698747406
2020-11-30 03:37:35,417.27351521278877,422.6314711606617,420.29963698747406
2020-11-30 03:37:40,417.27351521278877,422.6314711606617,420.1437810871171
2020-11-30 03:37:45,417.27351521278877,422.6314711606617,420.1437810871171
2020-11-30 03:37:50,417.27351521278877,422.6314711606617,420.1437810871171
2020-11-30 03:37:55,417.27351521278877,422.6314711606617,420.1437810871171
2020-11-30 03:38:00,417.27351521278877,422.6314711606617,420.1437810871171
2020-11-30 03:38:05,417.27351521278877,422.6314711606617,420.1437810871171
2020-11-30 03:38:10,417.27351521278877,422.3550131155009,420.1437810871171
2020-11-30 03:38:15,417.2498105720026,421.76939526727375,420.1437810871171
2020-11-30 03:38:20,417.2498105720026,421.7290095396108,420.1437810871171
2020-11-30 03:38:25,417.0965867047395,421.7290095396108,420.1437810871171
2020-11-30 03:38:30,417.0296017394586,421.7290095396108,420.15859384657637
2020-11-30 03:38:35,417.0296017394586,421.7290095396108,420.10563439152526
2020-11-30 03:38:40,416.9139503856232,421.7290095396108,420.10563439152526
2020-11-30 03:38:45,416.77419638603766,421.7290095396108,419.9545077110552
2020-11-30 03:38:50,416.77419638603766,421.7290095396108,419.93185422374444
2020-11-30 03:38:55,416.77419638603766,421.75810615894295,419.82163095567904
2020-11-30 03:39:00,416.77419638603766,421.7876503390264,419.82163095567904
2020-11-30 03:39:05,416.76714879568476,421.7876503390264,419.82163095567904
2020-11-30 03:39:10,416.76714879568476,421.5913690810737,419.71180736566896
2020-11-30 03:39:15,416.76714879568476,421.5913690810737,419.71180736566896
2020-11-30 03:39:20,416.76714879568476,421.64736436342804,419.5469682072058
2020-11-30 03:39:25,416.76714879568476,421.64736436342804,419.5469682072058
2020-11-30 03:39:30,416.73500543586005,421.64736436342804,419.5469682072058
2020-11-30 03:39:35,416.73500543586005,421.64736436342804,419.3965302080882
2020-11-30 03:39:40,416.6818988964503,421.64736436342804,419.3234009271785
2020-11-30 03:39:45,416.6818988964503,421.64736436342804,419.3234009271785
2020-11-30 03:39:50,416.3225717868531,421.64736436342804,419.3234009271785
2020-11-30 03:39:55,416.3225717868531,421.64736436342804,419.3234009271785
2020-11-30 03:40:00,416.3225717868531,421.64736436342804,419.3234009271785
2020-11-30 03:40:05,416.3225717868531,421.64736436342804,419.3234009271785
2020-11-30 03:40:10,416.28190045923435,421.64736436342804,419.3234009271785
2020-11-30 03:40:15,416.2327827174542,421.64736436342804,419.33413210254184
2020-11-30 03:40:20,416.2327827174542,421.64736436342804,419.33413210254184
2020-11-30 03:40:25,416.2327827174542,421.64736436342804,419.34202949531357
2020-11-30 03:40:30,416.2327827174542,421.64736436342804,419.2940954836539
2020-11-30 03:40:35,416.2327827174542,421.64736436342804,419.2940954836539
2020-11-30 03:40:40,416.2327827174542,421.64736436342804,419.2940954836539
2020-11-30 03:40:45,416.2327827174542,421.64736436342804,419.19776426696745
2020-11-30 03:40:50,416.2327827174542,421.64736436342804,419.17556102960043
2020-11-30 03:40:55,416.2327827174542,421.64736436342804,419.0737567879728
2020-11-30 03:41:00,416.224080148397,421.64736436342804,419.031739720486
2020-11-30 03:41:05,416.224080148397,421.64736436342804,419.0468611834428
2020-11-30 03:41:10,416.224080148397,421.64736436342804,418.99409790581404
2020-11-30 03:41:15,416.17428137920473,421.64736436342804,418.99409790581404
2020-11-30 03:41:20,416.17428137920473,421.64736436342804,418.8715680573013
2020-11-30 03:41:25,416.17428137920473,421.6092511482876,418.8715680573013
2020-11-30 03:41:30,416.17428137920473,421.6092511482876,418.8715680573013
2020-11-30 03:41:35,416.17428137920473,421.7757392714809,418.8715680573013
2020-11-30 03:41:40,416.17428137920473,422.19881566109746,418.8715680573013
2020-11-30 03:41:45,416.17428137920473,422.19881566109746,418.8715680573013
2020-11-30 03:41:50,416.17428137920473,422.19881566109746,418.8715680573013
2020-11-30 03:41:55,416.17428137920473,422.19881566109746,418.8715680573013
2020-11-30 03:42:00,416.17428137920473,422.19881566109746,418.8715680573013
2020-11-30 03:42:05,416.10588682462674,422.19881566109746,418.96768222455154
2020-11-30 03:42:10,416.10588682462674,422.19881566109746,418.96768222455154
2020-11-30 03:42:15,416.10588682462674,422.3390127412866,419.0230747199181
2020-11-30 03:42:20,416.10588682462674,422.6590914843105,419.1030237091466
2020-11-30 03:42:25,416.10588682462674,422.61766215118513,419.21160680045824
2020-11-30 03:42:30,416.15025559526487,422.61766215118513,419.2889765369395
2020-11-30 03:42:35,416.22150818931743,423.0139469084327,419.338420272602
2020-11-30 03:42:40,416.22150818931743,423.0771281876835,419.338420272602
2020-11-30 03:42:45,416.29010200368214,423.0771281876835,419.4220061187999
2020-11-30 03:42:50,416.29010200368214,423.0771281876835,419.51830130296486
2020-11-30 03:42:55,416.29010200368214,423.0771281876835,419.5854134436642
2020-11-30 03:43:00,416.29010200368214,423.0771281876835,419.5854134436642
2020-11-30 03:43:05,416.29010200368214,423.0771281876835,419.66686588051
2020-11-30 03:43:10,416.3295698503824,423.0771281876835,419.776549277314
2020-11-30 03:43:15,416.4813432075335,423.21708824919966,419.82754629655807
2020-11-30 03:43:20,416.4813432075335,423.1651469903022,419.82754629655807
2020-11-30 03:43:25,416.4813432075335,423.07579103901315,420.29902241763335
2020-11-30 03:43:30,416.6000311870163,423.4219501379581,420.37687075082
2020-11-30 03:43:35,416.6000311870163,423.4219501379581,420.42408155335596
2020-11-30 03:43:40,416.6000311870163,423.5142343708901,420.42408155335596
2020-11-30 03:43:45,416.6395545053319,423.4684677174195,420.37131300444435
2020-11-30 03:43:50,416.6395545053319,423.4684677174195,420.5210320358848
2020-11-30 03:43:55,416.6395545053319,423.4684677174195,420.5884138299737
2020-11-30 03:44:00,416.6395545053319,423.53076693058813,420.6869969978052
2020-11-30 03:44:05,416.7130977293893,423.96539754492517,420.6869969978052
2020-11-30 03:44:10,416.79518233226617,423.96539754492517,420.9328492121051
2020-11-30 03:44:15,416.88519673570966,424.13296934208097,420.9328492121051
2020-11-30 03:44:20,416.9661156803848,424.13296934208097,420.9614452960181
2020-11-30 03:44:25,416.9661156803848,424.13296934208097,421.05410442173735
2020-11-30 03:44:30,417.0683446539313,424.13296934208097,421.3531248994314
2020-11-30 03:44:35,417.0683446539313,424.2665698379831,421.3531248994314
2020-11-30 03:44:40,417.3576088412585,424.2665698379831,421.5157701203692
2020-11-30 03:44:45,417.3674017483461,424.2665698379831,421.5799246796013
2020-11-30 03:44:50,417.3674017483461,424.59411481281927,421.699859567966
2020-11-30 03:44:55,417.4977788446597,424.545575396481,421.87268731916726
2020-11-30 03:45:00,417.4977788446597,424.4613937530795,421.8945127107644
2020-11-30 03:45:05,417.6908416658084,424.4613937530795,421.8945127107644
2020-11-30 03:45:10,417.7028640503469,424.5496589736032,422.157870594065
2020-11-30 03:45:15,417.7028640503469,424.5496589736032,422.157870594065
2020-11-30 03:45:20,417.7028640503469,424.5058869104732,422.157870594065
2020-11-30 03:45:25,417.7824092386372,424.5058869104732,422.157870594065
2020-11-30 03:45:30,417.7824092386372,424.5058869104732,422.157870594065
2020-11-30 03:45:35,417.7824092386372,424.5058869104732,422.157870594065
2020-11-30 03:45:40,417.7824092386372,424.5058869104732,422.157870594065
2020-11-30 03:45:45,417.7824092386372,424.5058869104732,422.172981265557
2020-11-30 03:45:50,417.7824092386372,424.5058869104732,422.172981265557
2020-11-30 03:45:55,417.7824092386372,424.5058869104732,422.2019000590402
2020-11-30 03:46:00,417.7824092386372,424.5058869104732,422.2019000590402
2020-11-30 03:46:05,417.7824092386372,424.5058869104732,422.648004128686
2020-11-30 03:46:10,417.82313227442,424.5058869104732,422.648004128686
2020-11-30 03:46:15,417.82313227442,424.5058869104732,422.62084709147683
2020-11-30 03:46:20,417.89016051526164,424.5058869104732,422.72086555792447
2020-11-30 03:46:25,418.01575974047205,424.5058869104732,422.78013724300496
2020-11-30 03:46:30,418.01575974047205,424.5058869104732,422.78013724300496
2020-11-30 03:46:35,418.02521623760776,424.5058869104732,422.78013724300496
2020-11-30 03:46:40,418.11550215607133,424.5058869104732,422.8879943997647
2020-11-30 03:46:45,418.2146269084828,424.5058869104732,422.8879943997647
2020-11-30 03:46:50,418.2656575617174,424.6283734666761,422.8935144162668
2020-11-30 03:46:55,418.3048125940644,424.6283734666761,422.8935144162668
2020-11-30 03:47:00,418.3048125940644,424.6283734666761,422.84897634616846
2020-11-30 03:47:05,418.3048125940644,424.6283734666761,422.84897634616846
2020-11-30 03:47:10,418.3048125940644,424.6283734666761,422.84897634616846
2020-11-30 03:47:15,418.3048125940644,424.80029937518395,422.84897634616846
2020-11-30 03:47:20,418.3048125940644,424.80029937518395,422.84897634616846
2020-11-30 03:47:25,418.41982083097986,424.80029937518395,422.84897634616846
2020-11-30 03:47:30,418.41982083097986,424.80029937518395,422.84897634616846
2020-11-30 03:47:35,418.41982083097986,424.80029937518395,422.84897634616846
2020-11-30 03:47:40,418.41982083097986,424.80029937518395,422.84897634616846
2020-11-30 03:47:45,418.42931981319583,424.80029937518395,422.84897634616846
2020-11-30 03:47:50,418.42931981319583,424.80029937518395,422.84897634616846
2020-11-30 03:47:55,418.42931981319583,424.80029937518395,422.84897634616846
2020-11-30 03:48:00,418.42931981319583,424.80029937518395,422.84897634616846
2020-11-30 03:48:05,418.42931981319583,424.80029937518395,422.84897634616846
2020-11-30 03:48:10,418.42931981319583,424.80029937518395,422.84897634616846
2020-11-30 03:48:15,418.42931981319583,424.80029937518395,422.84897634616846
2020-11-30 03:48:20,418.42931981319583,424.80029937518395,422.84897634616846
2020-11-30 03:48:25,418.42931981319583,424.7138228428807,422.84897634616846
2020-11-30 03:48:30,418.42931981319583,424.7138228428807,422.84897634616846
2020-11-30 03:48:35,418.42931981319583,424.7138228428807,422.84897634616846
2020-11-30 03:48:40,418.42931981319583,424.7138228428807,422.84897634616846
2020-11-30 03:48:45,418.42931981319583,424.7138228428807,422.84897634616846
2020-11-30 03:48:50,418.42931981319583,424.7138228428807,422.84897634616846
2020-11-30 03:48:55,418.42931981319583,424.7138228428807,422.84897634616846
2020-11-30 03:49:00,418.378320970883,424.7138228428807,422.84897634616846
2020-11-30 03:49:05,418.378320970883,424.751672028759,422.84897634616846
2020-11-30 03:49:10,418.2977639867054,424.751672028759,422.84897634616846
2020-11-30 03:49:15,418.2587298253037,424.751672028759,422.84897634616846
2020-11-30 03:49:20,418.11457005838815,424.638118810029,422.84897634616846
2020-11-30 03:49:25,418.11457005838815,424.638118810029,422.84897634616846
2020-11-30 03:49:30,418.11457005838815,424.12448915467513,422.84897634616846
2020-11-30 03:49:35,418.11457005838815,424.12448915467513,422.84897634616846
2020-11-30 03:49:40,418.0258650533585,424.0527001366611,422.84897634616846
2020-11-30 03:49:45,418.0258650533585,424.0527001366611,422.84897634616846
2020-11-30 03:49:50,418.0258650533585,423.7299947328445,422.89700684190575
2020-11-30 03:49:55,418.0258650533585,423.7992727937253,422.89700684190575
2020-11-30 03:50:00,418.0258650533585,423.7436193473718,422.89700684190575
2020-11-30 03:50:05,417.9670873877029,423.6299172263796,422.89700684190575
2020-11-30 03:50:10,417.9670873877029,423.6299172263796,422.89700684190575
2020-11-30 03:50:15,417.9670873877029,423.6299172263796,422.89700684190575
2020-11-30 03:50:20,417.9670873877029,423.6299172263796,422.89700684190575
2020-11-30 03:50:25,417.9670873877029,423.6299172263796,422.89700684190575
2020-11-30 03:50:30,417.9670873877029,423.6299172263796,422.89700684190575
2020-11-30 03:50:35,417.9670873877029,423.6299172263796,422.72937509622466
2020-11-30 03:50:40,417.9670873877029,423.6299172263796,422.72937509622466
2020-11-30 03:50:45,417.9670873877029,423.6299172263796,422.72937509622466
2020-11-30 03:50:50,417.8993542590665,423.673481435212,422.814060160015
2020-11-30 03:50:55,417.8993542590665,423.26503592632145,422.814060160015
2020-11-30 03:51:00,417.8993542590665,423.26503592632145,422.814060160015
2020-11-30 03:51:05,417.8993542590665,423.26503592632145,422.814060160015
2020-11-30 03:51:10,417.8993542590665,422.8954818405486,422.814060160015
2020-11-30 03:51:15,417.8993542590665,422.8954818405486,422.80204879687244
2020-11-30 03:51:20,417.8993542590665,422.9455242729412,422.80204879687244
2020-11-30 03:51:25,417.8993542590665,422.8084926285095,422.80204879687244
2020-11-30 03:51:30,417.8993542590665,422.8084926285095,422.80204879687244
2020-11-30 03:51:35,417.8993542590665,422.8084926285095,422.80204879687244
2020-11-30 03:51:40,417.8993542590665,422.8084926285095,422.80204879687244
2020-11-30 03:51:45,417.8993542590665,422.8084926285095,422.80204879687244
2020-11-30 03:51:50,417.8993542590665,422.8084926285095,422.80204879687244
2020-11-30 03:51:55,417.8993542590665,422.8084926285095,422.80204879687244
2020-11-30 03:52:00,417.8993542590665,422.8084926285095,422.80204879687244
2020-11-30 03:52:05,417.8993542590665,422.8934908748947,422.80204879687244
2020-11-30 03:52:10,417.8993542590665,422.8934908748947,422.80204879687244
2020-11-30 03:52:15,417.8993542590665,422.8934908748947,422.80204879687244
2020-11-30 03:52:20,417.8993542590665,422.8934908748947,422.80204879687244
2020-11-30 03:52:25,417.8993542590665,422.8934908748947,422.80204879687244
2020-11-30 03:52:30,417.8993542590665,422.8934908748947,422.80204879687244
2020-11-30 03:52:35,417.8993542590665,422.8934908748947,422.80204879687244
2020-11-30 03:52:40,417.8993542590665,422.8934908748947,422.8026869949262
2020-11-30 03:52:45,417.8993542590665,422.8934908748947,422.8026869949262
2020-11-30 03:52:50,417.8993542590665,422.9753847881592,422.97967325010836
2020-11-30 03:52:55,417.8993542590665,422.9134853652049,422.97967325010836
2020-11-30 03:53:00,417.8993542590665,422.9134853652049,422.97967325010836
2020-11-30 03:53:05,417.8993542590665,422.9134853652049,422.97967325010836
2020-11-30 03:53:10,417.8993542590665,422.9134853652049,422.97967325010836
2020-11-30 03:53:15,417.9079007406227,422.9534946576367,422.97967325010836
2020-11-30 03:53:20,417.97464098705115,422.9534946576367,422.97967325010836
2020-11-30 03:53:25,417.97464098705115,422.9534946576367,422.97967325010836
2020-11-30 03:53:30,417.97464098705115,422.9534946576367,422.97967325010836
2020-11-30 03:53:35,417.97464098705115,422.9534946576367,422.97967325010836
2020-11-30 03:53:40,417.97464098705115,422.9534946576367,422.97967325010836
2020-11-30 03:53:45,417.97464098705115,423.41205486089297,422.97967325010836
2020-11-30 03:53:50,417.97464098705115,423.41205486089297,422.97967325010836
2020-11-30 03:53:55,417.97464098705115,423.41205486089297,422.97967325010836
2020-11-30 03:54:00,417.97464098705115,423.531928031409,422.97967325010836
2020-11-30 03:54:05,418.0559261751145,423.9646110853789,422.97967325010836
2020-11-30 03:54:10,418.0559261751145,423.89818975918985,423.16370538955124
2020-11-30 03:54:15,418.17793155646984,423.89818975918985,423.16370538955124
2020-11-30 03:54:20,418.17793155646984,423.89818975918985,423.16370538955124
2020-11-30 03:54:25,418.23751543190434,423.89818975918985,423.16370538955124
2020-11-30 03:54:30,418.3093351979442,423.85279397469924,423.17153609455437
2020-11-30 03:54:35,418.3093351979442,423.85279397469924,423.17153609455437
2020-11-30 03:54:40,418.3093351979442,423.85279397469924,423.17153609455437
2020-11-30 03:54:45,418.3093351979442,423.85279397469924,423.17153609455437
2020-11-30 03:54:50,418.3093351979442,423.85279397469924,423.17153609455437
2020-11-30 03:54:55,418.3093351979442,423.78588124464426,423.2610913216795
2020-11-30 03:55:00,418.32567245709714,423.78588124464426,423.2610913216795
2020-11-30 03:55:05,418.45198562621596,423.78588124464426,423.38492080085445
2020-11-30 03:55:10,418.45198562621596,423.9630124061306,423.38492080085445
2020-11-30 03:55:15,418.45198562621596,423.9630124061306,423.38492080085445
2020-11-30 03:55:20,418.45198562621596,423.9630124061306,423.38492080085445
2020-11-30 03:55:25,418.45198562621596,423.9630124061306,423.38492080085445
2020-11-30 03:55:30,418.45198562621596,423.9630124061306,423.38492080085445
2020-11-30 03:55:35,418.45198562621596,423.9630124061306,423.38492080085445
2020-11-30 03:55:40,418.45198562621596,423.9135704938913,423.38492080085445
2020-11-30 03:55:45,418.45198562621596,423.9135704938913,423.38492080085445
2020-11-30 03:55:50,418.45198562621596,423.9135704938913,423.38492080085445
2020-11-30 03:55:55,418.45198562621596,423.9135704938913,423.38492080085445
2020-11-30 03:56:00,418.45198562621596,423.9135704938913,423.38492080085445
2020-11-30 03:56:05,418.45198562621596,423.9135704938913,423.38492080085445
2020-11-30 03:56:10,418.45198562621596,423.9135704938913,423.38492080085445
2020-11-30 03:56:15,418.45198562621596,423.9135704938913,423.38492080085445
2020-11-30 03:56:20,418.45198562621596,423.9135704938913,423.38492080085445
2020-11-30 03:56:25,418.45198562621596,423.9135704938913,423.38492080085445
2020-11-30 03:56:30,418.45198562621596,423.9135704938913,423.38492080085445
2020-11-30 03:56:35,418.45198562621596,423.9135704938913,423.5958309349637
2020-11-30 03:56:40,418.45198562621596,423.9135704938913,423.50948965910766
2020-11-30 03:56:45,418.45198562621596,423.9135704938913,423.561553369929
2020-11-30 03:56:50,418.45198562621596,423.9135704938913,423.561553369929
2020-11-30 03:56:55,418.45198562621596,423.9135704938913,423.561553369929
2020-11-30 03:57:00,418.45198562621596,423.9135704938913,423.4701800045544
2020-11-30 03:57:05,418.5303877875381,423.9135704938913,423.40919028738784
2020-11-30 03:57:10,418.5725543184401,423.9135704938913,423.5128001321446
2020-11-30 03:57:15,418.75892251303327,423.9135704938913,423.7534727965142
2020-11-30 03:57:20,418.872220932525,423.9135704938913,424.07045264267333
2020-11-30 03:57:25,418.872220932525,423.9135704938913,424.0019959102204
2020-11-30 03:57:30,418.872220932525,424.3674028218822,424.1098258991158
2020-11-30 03:57:35,418.9912968147031,424.4301787748616,424.0255363461687
2020-11-30 03:57:40,419.2035020042453,424.4301787748616,424.4359845693877
2020-11-30 03:57:45,419.31107408312397,424.39166454070187,424.5908702875169
2020-11-30 03:57:50,419.31107408312397,424.5059607211186,424.7940231879662
2020-11-30 03:57:55,419.4068668628948,424.5059607211186,425.0961923902835
2020-11-30 03:58:00,419.54440811597925,424.86138715466683,425.1180171781161
2020-11-30 03:58:05,419.54440811597925,424.86138715466683,425.34684364966864
2020-11-30 03:58:10,419.7703923037474,424.86138715466683,425.46587102079957
2020-11-30 03:58:15,419.8209155176472,425.3251681906252,425.6398979103487
2020-11-30 03:58:20,419.9390116341448,425.32512137741946,425.8993903743497
2020-11-30 03:58:25,420.23334839665637,425.32512137741946,425.9441798383042
2020-11-30 03:58:30,420.3175803559463,425.264438792513,426.30854224474405
2020-11-30 03:58:35,420.4148671822577,425.37329349487123,426.3203462825504
2020-11-30 03:58:40,420.4148671822577,425.4848434841533,426.3269540649488
2020-11-30 03:58:45,420.4597068531141,425.55866231948414,426.47405459581324
2020-11-30 03:58:50,420.61579185049635,425.55866231948414,426.52618494213124
2020-11-30 03:58:55,420.68540960173834,425.8700251433834,426.81953514972565
2020-11-30 03:59:00,420.68540960173834,425.8700251433834,426.9694897628941
2020-11-30 03:59:05,420.68540960173834,425.8700251433834,427.06093854561385
2020-11-30 03:59:10,420.68540960173834,425.8700251433834,427.06093854561385
2020-11-30 03:59:15,420.69745197414954,425.8700251433834,427.25375610940864
2020-11-30 03:59:20,420.69745197414954,425.8700251433834,427.25375610940864
2020-11-30 03:59:25,420.69745197414954,425.8700251433834,427.25375610940864
2020-11-30 03:59:30,420.69745197414954,425.8700251433834,427.2293468987657
2020-11-30 03:59:35,420.69745197414954,425.8700251433834,427.2293468987657
2020-11-30 03:59:40,420.69745197414954,425.8700251433834,427.2293468987657
2020-11-30 03:59:45,420.69745197414954,425.8700251433834,427.2904856161289
2020-11-30 03:59:50,420.69745197414954,425.8700251433834,427.2750376382953
2020-11-30 03:59:55,420.69745197414954,425.8700251433834,427.2750376382953
2020-11-30 04:00:00,420.69745197414954,425.8700251433834,427.2750376382953
2020-11-30 04:00:05,420.69745197414954,425.8700251433834,427.22849706472806
2020-11-30 04:00:10,420.69745197414954,425.8700251433834,427.22849706472806
2020-11-30 04:00:15,420.69745197414954,425.8700251433834,427.52095036451453
2020-11-30 04:00:20,420.69745197414954,425.8700251433834,427.52095036451453
2020-11-30 04:00:25,420.69745197414954,425.8700251433834,427.52095036451453
2020-11-30 04:00:30,420.69745197414954,425.8700251433834,427.52095036451453
2020-11-30 04:00:35,420.69745197414954,425.8700251433834,427.52095036451453
2020-11-30 04:00:40,420.69745197414954,425.8700251433834,427.62329832691245
2020-11-30 04:00:45,420.69745197414954,425.8700251433834,427.62329832691245
2020-11-30 04:00:50,420.69745197414954,425.8700251433834,427.72655825412164
2020-11-30 04:00:55,420.69745197414954,425.8700251433834,427.72655825412164
2020-11-30 04:01:00,420.77867250292434,425.75257576654764,427.83213028576387
2020-11-30 04:01:05,420.85281461939985,425.75257576654764,427.84204475203734
2020-11-30 04:01:10,421.09945897600414,425.75257576654764,427.9234770290558
2020-11-30 04:01:15,421.209555678157,426.2757470320175,427.8989676211167
2020-11-30 04:01:20,421.3430043939303,426.496397149881,427.9229161066032
2020-11-30 04:01:25,421.49231747050254,426.4547014006336,428.3476602260291
2020-11-30 04:01:30,421.49231747050254,426.8781166856916,428.41174293915356
2020-11-30 04:01:35,421.56513984725825,426.8781166856916,428.51954141948426
2020-11-30 04:01:40,421.6942588849692,427.22066714096786,428.51954141948426
2020-11-30 04:01:45,421.78798177850916,427.22066714096786,428.5230277659917
2020-11-30 04:01:50,422.01120935941645,427.28395356870175,428.5936898181699
2020-11-30 04:01:55,422.0223908063702,427.4049841414821,428.75125321393284
2020-11-30 04:02:00,422.1167768888267,427.50452730704285,429.03068431069954
2020-11-30 04:02:05,422.2029412253064,427.8862582142873,429.192946264891
2020-11-30 04:02:10,422.2029412253064,427.8862582142873,429.192946264891
2020-11-30 04:02:15,422.3149595861311,427.82625328974467,429.3448916318779
2020-11-30 04:02:20,422.380693901152,427.7688085352815,429.4240463053787
2020-11-30 04:02:25,422.5978688280943,428.2282820052606,429.46321576417455
2020-11-30 04:02:30,422.7326417930133,428.2282820052606,429.7389015154758
2020-11-30 04:02:35,422.80813200727243,428.2282820052606,429.8430963576164
2020-11-30 04:02:40,422.80813200727243,428.2282820052606,429.8507294431801
2020-11-30 04:02:45,422.80813200727243,428.3415613533938,429.8590335551157
2020-11-30 04:02:50,422.80813200727243,428.40011732673054,429.88858033125865
2020-11-30 04:02:55,422.80813200727243,428.40011732673054,429.88858033125865
2020-11-30 04:03:00,422.80813200727243,428.3638652150946,429.88858033125865
2020-11-30 04:03:05,422.8248496092364,428.3638652150946,429.98388269132033
2020-11-30 04:03:10,422.8248496092364,428.5382920321505,429.98388269132033
2020-11-30 04:03:15,422.9415907869413,428.5382920321505,430.19460006802325
2020-11-30 04:03:20,422.9415907869413,428.91136044207923,430.19460006802325
2020-11-30 04:03:25,423.12128629394016,428.91136044207923,430.28847223374936
2020-11-30 04:03:30,423.12128629394016,428.91136044207923,430.2667025759084
2020-11-30 04:03:35,423.12128629394016,428.91136044207923,430.399110114424
2020-11-30 04:03:40,423.26260792445885,428.91136044207923,430.448303913502
2020-11-30 04:03:45,423.26260792445885,428.91136044207923,430.49775190323084
2020-11-30 04:03:50,423.33544618420007,428.91136044207923,430.49775190323084
2020-11-30 04:03:55,423.43690159680636,428.91136044207923,430.56234140261876
2020-11-30 04:04:00,423.4546038510834,428.91136044207923,430.6310532511656
2020-11-30 04:04:05,423.4955663580207,428.91136044207923,430.7421721176426
2020-11-30 04:04:10,423.54219436710406,428.91136044207923,430.9355402592055
2020-11-30 04:04:15,423.54219436710406,428.91136044207923,430.9355402592055
2020-11-30 04:04:20,423.610596599787,428.91136044207923,430.9355402592055
2020-11-30 04:04:25,423.6786160180082,428.91136044207923,431.05972474956184
2020-11-30 04:04:30,423.6786160180082,428.91136044207923,431.05972474956184
2020-11-30 04:04:35,423.72361233223046,428.91136044207923,431.1848932700007
2020-11-30 04:04:40,423.72361233223046,428.91136044207923,431.1586298352115
2020-11-30 04:04:45,423.800747609312,428.91136044207923,431.2424146795279
2020-11-30 04:04:50,423.800747609312,428.91136044207923,431.2901596631412
2020-11-30 04:04:55,423.800747609312,428.91136044207923,431.2901596631412
2020-11-30 04:05:00,423.800747609312,428.91136044207923,431.27594517389934
2020-11-30 04:05:05,423.8936364348932,428.91136044207923,431.27594517389934
2020-11-30 04:05:10,423.8936364348932,428.91136044207923,431.27594517389934
2020-11-30 04:05:15,423.8936364348932,428.91136044207923,431.27594517389934
2020-11-30 04:05:20,423.8936364348932,428.91136044207923,431.27594517389934
2020-11-30 04:05:25,423.8936364348932,428.91136044207923,431.27594517389934
2020-11-30 04:05:30,423.8936364348932,428.91136044207923,431.27594517389934
2020-11-30 04:05:35,423.8936364348932,428.91136044207923,431.27594517389934
2020-11-30 04:05:40,423.8936364348932,428.91136044207923,431.27594517389934
2020-11-30 04:05:45,423.8936364348932,428.91136044207923,431.27594517389934
2020-11-30 04:05:50,423.82187500342934,428.78427680089504,431.27594517389934
2020-11-30 04:05:55,423.82187500342934,428.3894981833739,431.27594517389934
2020-11-30 04:06:00,423.75418661584786,428.43441350951053,431.27594517389934
2020-11-30 04:06:05,423.75418661584786,428.36857823211676,431.27594517389934
2020-11-30 04:06:10,423.75418661584786,428.3080730428584,431.27594517389934
2020-11-30 04:06:15,423.75418661584786,428.3080730428584,431.27594517389934
2020-11-30 04:06:20,423.7416175788268,428.3080730428584,431.27594517389934
2020-11-30 04:06:25,423.7416175788268,427.84416771352056,431.27594517389934
2020-11-30 04:06:30,423.7246937587234,427.84416771352056,431.27594517389934
2020-11-30 04:06:35,423.58143330939413,427.7747455495449,431.27594517389934
2020-11-30 04:06:40,423.4030905523625,427.295227654741,431.27594517389934
2020-11-30 04:06:45,423.4030905523625,427.28715692028976,431.27594517389934
2020-11-30 04:06:50,423.4030905523625,427.28715692028976,431.27594517389934
2020-11-30 04:06:55,423.39171812543884,427.3349725418421,431.27594517389934
2020-11-30 04:07:00,423.3102934064272,427.3349725418421,431.27594517389934
2020-11-30 04:07:05,423.3102934064272,427.27961551784415,431.27594517389934
2020-11-30 04:07:10,423.3102934064272,426.7575631079437,431.0638172211489
2020-11-30 04:07:15,423.1051148542958,426.2656274574643,431.0638172211489
2020-11-30 04:07:20,422.92537005283117,426.25674091505795,431.0638172211489
2020-11-30 04:07:25,422.86245158419706,426.3049466638484,431.0638172211489
2020-11-30 04:07:30,422.6803596937827,426.3049466638484,431.0638172211489
2020-11-30 04:07:35,422.4572454816774,426.3472249075976,430.9926175561393
2020-11-30 04:07:40,422.38382817019914,426.24537445273893,430.9001747069754
2020-11-30 04:07:45,422.20490183258,425.24633352963235,430.8535391551881
2020-11-30 04:07:50,422.14927914065913,425.24633352963235,430.70948827949127
2020-11-30 04:07:55,422.00746419907847,425.2936793031274,430.52160954726514
2020-11-30 04:08:00,421.787481217704,425.3360546627288,430.28224859691994
2020-11-30 04:08:05,421.2506974264972,425.38915806356937,430.2396662732655
2020-11-30 04:08:10,421.190183947224,424.64710372019454,430.00198997096817
2020-11-30 04:08:15,421.17666768685825,424.23811871386255,429.9643632723778
2020-11-30 04:08:20,421.07100142958086,424.23811871386255,429.6241099228823
2020-11-30 04:08:25,420.8085134820719,424.32786692350123,429.4894532541397
2020-11-30 04:08:30,420.37971862980794,424.38096754338585,429.3388883443302
2020-11-30 04:08:35,420.1516669380519,423.7661572472635,428.92590987215823
2020-11-30 04:08:40,420.1516669380519,423.22991531311766,428.75106248608563
2020-11-30 04:08:45,419.91555763931564,423.22991531311766,428.6123973276993
2020-11-30 04:08:50,419.64114914465534,423.3765225694947,428.5573287302257
2020-11-30 04:08:55,419.37119705115555,423.2389852316125,427.92921301313766
2020-11-30 04:09:00,419.2900079351548,422.85806280874306,427.7090541478737
2020-11-30 04:09:05,419.2326894328983,422.7605337928746,427.54027337195333
2020-11-30 04:09:10,419.0291225745403,422.2596107203835,427.601251261391
2020-11-30 04:09:15,418.80843797966,422.3032733300457,427.26316353040363
2020-11-30 04:09:20,418.7372724968955,422.2257897433105,427.0549503277224
2020-11-30 04:09:25,418.4982005878293,421.84496071995676,426.7961970882888
2020-11-30 04:09:30,418.1751902485611,421.84496071995676,426.56774104352826
2020-11-30 04:09:35,418.1628077431807,421.29013881833305,426.5709430650622
2020-11-30 04:09:40,417.98759796221594,421.29013881833305,426.1320423648891
2020-11-30 04:09:45,417.9758428980425,421.23233337029853,426.0901419258914
2020-11-30 04:09:50,417.89440231165463,421.2835407109789,425.96982883380196
2020-11-30 04:09:55,417.89440231165463,421.2168099667585,425.8390600674328
2020-11-30 04:10:00,417.89440231165463,420.83633518180363,425.7515403034065
2020-11-30 04:10:05,417.8181254595867,420.92555624173957,425.7362449427039
2020-11-30 04:10:10,417.65375915718477,420.81601072090496,425.437871997321
2020-11-30 04:10:15,417.60759653621716,420.38898333667373,425.40994844467355
2020-11-30 04:10:20,417.55904667851013,420.2241049117495,425.26712053715914
2020-11-30 04:10:25,417.47402833641314,420.2241049117495,425.26712053715914
2020-11-30 04:10:30,417.47402833641314,420.2752799154647,425.26712053715914
2020-11-30 04:10:35,417.257909336064,420.20854613641706,425.1879846182043
2020-11-30 04:10:40,417.19459557661713,420.25304130689847,425.10897893730044
2020-11-30 04:10:45,417.19459557661713,420.30119178296405,425.10897893730044
2020-11-30 04:10:50,417.01854684743853,420.30119178296405,424.8846186890574
2020-11-30 04:10:55,416.94353844164624,419.9169272092184,424.4161919471848
2020-11-30 04:11:00,416.9295462332128,419.2150036747001,424.34169831877233
2020-11-30 04:11:05,416.8764467160841,419.2150036747001,424.34169831877233
2020-11-30 04:11:10,416.7652926751359,419.2662305077333,424.28795158767394
2020-11-30 04:11:15,416.68359062039536,419.2662305077333,424.3146044736586
2020-11-30 04:11:20,416.5986387564064,419.19943161205424,424.19812160738536
2020-11-30 04:11:25,416.5143647970043,419.19943161205424,424.2951329159647
2020-11-30 04:11:30,416.4649611939199,419.19943161205424,424.0531605225223
2020-11-30 04:11:35,416.3702515467392,419.19943161205424,424.0531605225223
2020-11-30 04:11:40,416.3702515467392,419.19943161205424,423.94530076552456
2020-11-30 04:11:45,416.3702515467392,419.19943161205424,423.75421996469953
2020-11-30 04:11:50,416.3702515467392,419.19943161205424,423.75421996469953
2020-11-30 04:11:55,416.3702515467392,419.19943161205424,423.75421996469953
2020-11-30 04:12:00,416.3702515467392,419.19943161205424,423.75421996469953
2020-11-30 04:12:05,416.3702515467392,419.19943161205424,423.75421996469953
2020-11-30 04:12:10,416.3702515467392,419.19943161205424,423.75421996469953
2020-11-30 04:12:15,416.35616220547416,419.19943161205424,423.75421996469953
2020-11-30 04:12:20,416.35616220547416,419.19943161205424,423.75421996469953
2020-11-30 04:12:25,416.35616220547416,419.19943161205424,423.75421996469953
2020-11-30 04:12:30,416.4398948635782,419.19943161205424,423.75421996469953
2020-11-30 04:12:35,416.48865826557295,419.19943161205424,423.80307947626403
2020-11-30 04:12:40,416.48865826557295,419.19943161205424,423.80307947626403
2020-11-30 04:12:45,416.48865826557295,419.19943161205424,423.80307947626403
2020-11-30 04:12:50,416.48865826557295,419.607653479089,423.83651239344283
2020-11-30 04:12:55,416.48865826557295,419.607653479089,423.83651239344283
2020-11-30 04:13:00,416.56504184758825,419.607653479089,423.83651239344283
2020-11-30 04:13:05,416.6044200037021,419.6819120718876,423.83651239344283
2020-11-30 04:13:10,416.6044200037021,419.58843157732855,423.83651239344283
2020-11-30 04:13:15,416.7196430286168,419.58843157732855,423.83651239344283
2020-11-30 04:13:20,416.7196430286168,419.58843157732855,423.83651239344283
2020-11-30 04:13:25,416.7196430286168,420.1490836319258,423.7972706128756
2020-11-30 04:13:30,416.9231706574999,420.27075255892504,423.7970784363929
2020-11-30 04:13:35,416.9231706574999,420.27075255892504,424.0202388355595
2020-11-30 04:13:40,417.19913531679265,420.27075255892504,424.35566502367243
2020-11-30 04:13:45,417.2466657873021,420.2464342384539,424.35566502367243
2020-11-30 04:13:50,417.2644287603334,420.58439438740606,424.35566502367243
2020-11-30 04:13:55,417.4170822618081,420.58439438740606,424.35566502367243
2020-11-30 04:14:00,417.4793805276345,420.58439438740606,424.4721767575872
2020-11-30 04:14:05,417.5673244537631,421.0996991562577,424.4063208968864
2020-11-30 04:14:10,417.5673244537631,421.24823752254105,424.6706109815831
2020-11-30 04:14:15,417.6487002701526,421.24823752254105,424.62722701963816
2020-11-30 04:14:20,417.6487002701526,421.3831136966301,424.7061379548846
2020-11-30 04:14:25,417.6487002701526,421.2715999478477,424.94485365941597
2020-11-30 04:14:30,417.6487002701526,421.2715999478477,425.0405640404464
2020-11-30 04:14:35,417.7166404040551,421.2715999478477,425.12350945090844
2020-11-30 04:14:40,417.8460605933399,421.2715999478477,425.28997889805026
2020-11-30 04:14:45,417.8460605933399,421.2715999478477,425.36326159275893
2020-11-30 04:14:50,417.8460605933399,421.2715999478477,425.36326159275893
2020-11-30 04:14:55,417.8460605933399,421.2715999478477,425.36326159275893
2020-11-30 04:15:00,417.8460605933399,421.2715999478477,425.36326159275893
2020-11-30 04:15:05,417.8460605933399,421.2715999478477,425.302241324823
2020-11-30 04:15:10,417.8460605933399,421.14375169874444,425.302241324823
2020-11-30 04:15:15,417.81093396134725,420.73293916728363,425.302241324823
2020-11-30 04:15:20,417.81093396134725,420.73293916728363,425.302241324823
2020-11-30 04:15:25,417.75627660011725,420.73293916728363,425.302241324823
2020-11-30 04:15:30,417.6787256416303,420.7049938130973,425.302241324823
2020-11-30 04:15:35,417.6787256416303,420.31935586403785,425.302241324823
2020-11-30 04:15:40,417.57873070406595,420.0342545314061,425.2236306752512
2020-11-30 04:15:45,417.5220964537892,420.0342545314061,424.9746722947351
2020-11-30 04:15:50,417.4348600691255,419.76713227094695,424.8603511394314
2020-11-30 04:15:55,417.3318716955174,419.76713227094695,424.5259754951701
2020-11-30 04:16:00,417.19582175915747,419.6929428366738,424.5259754951701
2020-11-30 04:16:05,417.19582175915747,419.30648250566753,424.5259754951701
2020-11-30 04:16:10,417.16088961653065,419.13380622872415,424.5465194414072
2020-11-30 04:16:15,417.0938040035651,419.22884459601966,424.4653156961423
2020-11-30 04:16:20,417.05037450836886,419.22884459601966,424.4653156961423
2020-11-30 04:16:25,417.05037450836886,418.74613167860645,424.4653156961423
2020-11-30 04:16:30,416.9719510266808,418.74613167860645,424.4653156961423
2020-11-30 04:16:35,416.90574904780084,418.8363029825423,424.20073215793303
2020-11-30 04:16:40,416.90574904780084,418.8363029825423,424.13486154288603
2020-11-30 04:16:45,416.8585074790007,418.8363029825423,424.13486154288603
2020-11-30 04:16:50,416.8585074790007,418.7951858657506,423.9806335149391
2020-11-30 04:16:55,416.7619127699901,418.7951858657506,423.7188093976733
2020-11-30 04:17:00,416.7619127699901,418.70553334968014,423.7188093976733
2020-11-30 04:17:05,416.7619127699901,418.70553334968014,423.46606901232855
2020-11-30 04:17:10,416.74991449325654,418.70553334968014,423.46606901232855
2020-11-30 04:17:15,416.74991449325654,418.28546470367337,423.46606901232855
2020-11-30 04:17:20,416.5783584385014,418.28546470367337,423.46606901232855
2020-11-30 04:17:25,416.5783584385014,418.28546470367337,423.46606901232855
2020-11-30 04:17:30,416.5783584385014,418.28546470367337,423.46606901232855
2020-11-30 04:17:35,416.53617833509077,418.28546470367337,423.46606901232855
2020-11-30 04:17:40,416.53617833509077,418.28546470367337,423.46606901232855
2020-11-30 04:17:45,416.53617833509077,418.28546470367337,423.4032355213003
2020-11-30 04:17:50,416.53617833509077,418.28546470367337,423.4032355213003
2020-11-30 04:17:55,416.53617833509077,418.28546470367337,423.4032355213003
2020-11-30 04:18:00,416.53617833509077,418.33442859839425,423.4032355213003
2020-11-30 04:18:05,416.53617833509077,418.3987951859885,423.4032355213003
2020-11-30 04:18:10,416.45179892921044,418.3987951859885,423.4032355213003
2020-11-30 04:18:15,416.40677952828014,418.3987951859885,423.4032355213003
2020-11-30 04:18:20,416.40677952828014,418.3987951859885,423.4032355213003
2020-11-30 04:18:25,416.40677952828014,418.3987951859885,423.4032355213003
2020-11-30 04:18:30,416.40677952828014,418.3987951859885,423.4032355213003
2020-11-30 04:18:35,416.3469506065902,418.3987951859885,423.3781314994914
2020-11-30 04:18:40,416.3469506065902,418.3987951859885,423.1844366164017
2020-11-30 04:18:45,416.2449386785011,418.3987951859885,423.1844366164017
2020-11-30 04:18:50,416.2449386785011,418.3987951859885,423.1513945332844
2020-11-30 04:18:55,416.2449386785011,418.31300346467316,423.0214734904067
2020-11-30 04:19:00,416.2449386785011,418.31300346467316,422.9792181903032
2020-11-30 04:19:05,416.0939749158479,417.7898791008661,422.9792181903032
2020-11-30 04:19:10,415.914780285253,417.7898791008661,422.9792181903032
2020-11-30 04:19:15,415.8716035913205,417.7898791008661,422.8858706299965
2020-11-30 04:19:20,415.8716035913205,417.3443721399813,422.78121722052225
2020-11-30 04:19:25,415.74563338750164,417.4736967110055,422.49560901489184
2020-11-30 04:19:30,415.6107349392331,417.4736967110055,422.4447621501379
2020-11-30 04:19:35,415.5746197805011,417.534640430294,422.11049537046193
2020-11-30 04:19:40,415.45333379438443,417.3474420852889,422.07425732481227
2020-11-30 04:19:45,415.43495206498426,417.2658321400796,422.0201161010435
2020-11-30 04:19:50,415.43495206498426,417.2658321400796,421.97692585770795
2020-11-30 04:19:55,415.43495206498426,417.2658321400796,421.97692585770795
2020-11-30 04:20:00,415.36474925499397,417.2658321400796,421.97692585770795
2020-11-30 04:20:05,415.2685683290011,416.76649908868853,421.9375749284359
2020-11-30 04:20:10,415.2685683290011,416.33307455792067,421.9452314228077
2020-11-30 04:20:15,415.2685683290011,416.3835496215396,421.9192715340811
2020-11-30 04:20:20,415.2685683290011,416.3835496215396,421.9192715340811
2020-11-30 04:20:25,415.25019086793316,416.3835496215396,421.9192715340811
2020-11-30 04:20:30,415.25019086793316,416.3835496215396,421.9192715340811
2020-11-30 04:20:35,415.25019086793316,416.45014484698726,421.9192715340811
2020-11-30 04:20:40,415.25019086793316,416.45014484698726,421.9192715340811
2020-11-30 04:20:45,415.25019086793316,416.45014484698726,421.9192715340811
2020-11-30 04:20:50,415.25019086793316,416.45014484698726,421.9192715340811
2020-11-30 04:20:55,415.25019086793316,416.45014484698726,421.9192715340811
2020-11-30 04:21:00,415.25019086793316,416.45014484698726,421.9192715340811
2020-11-30 04:21:05,415.25019086793316,416.45014484698726,421.9192715340811
2020-11-30 04:21:10,415.25019086793316,416.45014484698726,421.9192715340811
2020-11-30 04:21:15,415.25019086793316,416.45014484698726,421.9192715340811
2020-11-30 04:21:20,415.25019086793316,416.45014484698726,422.03813555943555
2020-11-30 04:21:25,415.25019086793316,416.45014484698726,422.03813555943555
2020-11-30 04:21:30,415.25019086793316,416.45014484698726,422.03813555943555
2020-11-30 04:21:35,415.28656489061996,416.45014484698726,422.03813555943555
2020-11-30 04:21:40,415.28656489061996,416.45014484698726,422.03813555943555
2020-11-30 04:21:45,415.28656489061996,416.45014484698726,422.03813555943555
2020-11-30 04:21:50,415.28656489061996,416.45014484698726,422.03813555943555
2020-11-30 04:21:55,415.28656489061996,416.45014484698726,422.03813555943555
2020-11-30 04:22:00,415.28656489061996,416.45014484698726,422.03813555943555
2020-11-30 04:22:05,415.33732689175235,416.45014484698726,422.03813555943555
2020-11-30 04:22:10,415.4371379950297,416.45014484698726,422.18428947131747
2020-11-30 04:22:15,415.4371379950297,416.45014484698726,422.18428947131747
2020-11-30 04:22:20,415.4768377509274,416.45014484698726,422.24854172251116
2020-11-30 04:22:25,415.4768377509274,416.45014484698726,422.2876798998509
2020-11-30 04:22:30,415.5759087095218,416.45014484698726,422.2876798998509
2020-11-30 04:22:35,415.63806927064115,416.45014484698726,422.3683427527997
2020-11-30 04:22:40,415.7285726429681,416.45014484698726,422.5119546784672
2020-11-30 04:22:45,415.7419334567486,416.90969595917363,422.7077255332837
2020-11-30 04:22:50,415.8656983758173,416.90969595917363,422.705494756192
2020-11-30 04:22:55,416.2290269698834,416.90969595917363,422.8550954947726
2020-11-30 04:23:00,416.2290269698834,417.07769362189015,422.93080278758003
2020-11-30 04:23:05,416.2682184221591,417.1053634844068,423.0460568686805
2020-11-30 04:23:10,416.30517924405103,417.7071368335997,423.0460568686805
2020-11-30 04:23:15,416.3822575730316,418.11577511262186,423.0460568686805
2020-11-30 04:23:20,416.3822575730316,418.0313445098224,423.08723548556367
2020-11-30 04:23:25,416.44882491591613,418.114249511159,423.66177372635474
2020-11-30 04:23:30,416.50839780729785,418.144453779235,423.7008463610327
2020-11-30 04:23:35,416.6601518684398,417.99640822800967,423.7008463610327
2020-11-30 04:23:40,416.6838751420049,418.6347637074039,423.7370710566727
2020-11-30 04:23:45,416.6838751420049,418.7490634488271,423.9315681347758
2020-11-30 04:23:50,416.7906806228125,418.9607932188287,423.96365898680176
2020-11-30 04:23:55,416.86758083101176,419.04526053976537,424.02860022015284
2020-11-30 04:24:00,416.9285957616218,419.1451982420434,424.02860022015284
2020-11-30 04:24:05,417.0666045502565,419.1451982420434,424.2185761980106
2020-11-30 04:24:10,417.0889970854577,419.5978121174282,424.33995544291105
2020-11-30 04:24:15,417.0889970854577,419.46191959870134,424.38016918113055
2020-11-30 04:24:20,417.27422312110923,419.6013290812587,424.38016918113055
2020-11-30 04:24:25,417.34995439740555,419.9886691119098,424.71838951405135
2020-11-30 04:24:30,417.5311997959758,420.18101555366013,424.7763603785925
2020-11-30 04:24:35,417.6579157131743,420.18101555366013,424.7763603785925
2020-11-30 04:24:40,417.9642643911747,420.6543403726502,424.7763603785925
2020-11-30 04:24:45,418.1893584778161,420.5124536152992,425.11482976195555
2020-11-30 04:24:50,418.2270640329086,420.5124536152992,425.175080344719
2020-11-30 04:24:55,418.28325862501816,420.61811414322113,425.39647792906027
2020-11-30 04:25:00,418.4002542028036,421.02621439176545,425.626787817534
2020-11-30 04:25:05,418.4223688551768,421.21051143685565,425.66104752775743
2020-11-30 04:25:10,418.6224223243047,421.52087567563956,425.7836528825689
2020-11-30 04:25:15,418.7237073278262,421.52087567563956,425.81124704459006
2020-11-30 04:25:20,418.7237073278262,421.52087567563956,425.9981965323989
2020-11-30 04:25:25,418.80104589999655,421.52087567563956,425.9981965323989
2020-11-30 04:25:30,419.1678876458345,421.6311748526018,426.055869128619
2020-11-30 04:25:35,419.1907679203094,421.92698315944006,426.38826166267677
2020-11-30 04:25:40,419.3672274872189,422.4277491041235,426.577502616626
2020-11-30 04:25:45,419.4070273670157,422.57681186237744,426.7484387825798
2020-11-30 04:25:50,419.68582695627344,422.57681186237744,426.80392636759785
2020-11-30 04:25:55,419.7633596252337,422.57681186237744,426.8579462044398
2020-11-30 04:26:00,419.779998968824,422.50446102557027,427.05340997964987
2020-11-30 04:26:05,419.90106441163925,422.4454113429055,427.23671770839286
2020-11-30 04:26:10,420.07925478259693,422.54321278332634,427.29737186929714
2020-11-30 04:26:15,420.1272570425087,422.54321278332634,427.425276733068
2020-11-30 04:26:20,420.2821894582544,422.90273240972454,427.5235871411344
2020-11-30 04:26:25,420.4700161813691,423.465653737647,427.73599755877797
2020-11-30 04:26:30,420.4700161813691,423.37434932434473,427.7344971157766
2020-11-30 04:26:35,420.5084950062561,423.3211793915992,427.76650834297163
2020-11-30 04:26:40,420.63756937825053,423.3211793915992,427.8676015406817
2020-11-30 04:26:45,420.70130513118573,423.3211793915992,428.08802343796884
2020-11-30 04:26:50,420.7238831192448,423.3211793915992,428.1139665205838
2020-11-30 04:26:55,420.8425116840918,423.48106693974427,428.27919709269014
2020-11-30 04:27:00,420.9221110468986,423.48106693974427,428.27919709269014
2020-11-30 04:27:05,420.9221110468986,423.45491612962917,428.38919389900286
2020-11-30 04:27:10,420.9221110468986,423.45491612962917,428.5327441797158
2020-11-30 04:27:15,420.9434911466322,423.45491612962917,428.65668400765986
2020-11-30 04:27:20,421.14344917694,424.04343559827294,428.703216396701
2020-11-30 04:27:25,421.14344917694,424.04343559827294,428.67172795151123
2020-11-30 04:27:30,421.2174290278334,424.3749461617694,428.70639765177293
2020-11-30 04:27:35,421.23329890524224,424.2734120820847,428.70639765177293
2020-11-30 04:27:40,421.23329890524224,424.2734120820847,428.7803223061647
2020-11-30 04:27:45,421.23329890524224,424.2215620412456,428.7803223061647
2020-11-30 04:27:50,421.23329890524224,424.2215620412456,428.8103962968193
2020-11-30 04:27:55,421.23329890524224,424.2215620412456,428.8103962968193
2020-11-30 04:28:00,421.23329890524224,424.2215620412456,428.8103962968193
2020-11-30 04:28:05,421.23329890524224,424.2215620412456,428.8103962968193
2020-11-30 04:28:10,421.23329890524224,424.2215620412456,428.8103962968193
2020-11-30 04:28:15,421.23329890524224,424.2215620412456,428.8103962968193
2020-11-30 04:28:20,421.23329890524224,424.2215620412456,428.8103962968193
2020-11-30 04:28:25,421.23329890524224,424.2215620412456,428.8103962968193
2020-11-30 04:28:30,421.23329890524224,424.2215620412456,428.8103962968193
2020-11-30 04:28:35,421.23329890524224,424.2215620412456,428.8103962968193
2020-11-30 04:28:40,421.23329890524224,424.2215620412456,428.8103962968193
2020-11-30 04:28:45,421.23329890524224,424.2215620412456,428.8103962968193
2020-11-30 04:28:50,421.23329890524224,424.2215620412456,428.8103962968193
2020-11-30 04:28:55,421.23329890524224,424.2215620412456,428.8103962968193
2020-11-30 04:29:00,421.23329890524224,424.2215620412456,428.8103962968193
2020-11-30 04:29:05,421.23329890524224,424.2215620412456,428.8103962968193
2020-11-30 04:29:10,421.23329890524224,424.2215620412456,428.8103962968193
2020-11-30 04:29:15,421.23329890524224,424.2215620412456,428.8103962968193
2020-11-30 04:29:20,421.23329890524224,424.2215620412456,428.8103962968193
2020-11-30 04:29:25,421.23329890524224,424.2215620412456,428.8103962968193
2020-11-30 04:29:30,421.23329890524224,424.2215620412456,428.76706063991736
2020-11-30 04:29:35,421.23329890524224,424.2215620412456,428.76706063991736
2020-11-30 04:29:40,421.23329890524224,424.2215620412456,428.8202883426758
2020-11-30 04:29:45,421.1287837092492,424.2215620412456,428.8202883426758
2020-11-30 04:29:50,421.1287837092492,424.2215620412456,428.8202883426758
2020-11-30 04:29:55,421.1287837092492,424.2215620412456,428.8202883426758
2020-11-30 04:30:00,421.1287837092492,424.2215620412456,428.8202883426758
2020-11-30 04:30:05,421.16843955929886,424.2215620412456,428.8202883426758
2020-11-30 04:30:10,421.16843955929886,424.2215620412456,428.8202883426758
2020-11-30 04:30:15,421.16843955929886,424.2215620412456,428.87316013880996
2020-11-30 04:30:20,421.29696532431586,424.2215620412456,428.87316013880996
2020-11-30 04:30:25,421.29696532431586,424.2215620412456,428.87316013880996
2020-11-30 04:30:30,421.29696532431586,424.2215620412456,428.8892745239323
2020-11-30 04:30:35,421.29696532431586,424.2215620412456,428.8892745239323
2020-11-30 04:30:40,421.29696532431586,424.2215620412456,428.8892745239323
2020-11-30 04:30:45,421.29696532431586,424.2215620412456,428.8892745239323
2020-11-30 04:30:50,421.29696532431586,424.2215620412456,428.8892745239323
2020-11-30 04:30:55,421.29696532431586,424.2215620412456,428.8892745239323
2020-11-30 04:31:00,421.29696532431586,424.2215620412456,428.8892745239323
2020-11-30 04:31:05,421.29696532431586,424.2215620412456,428.8892745239323
2020-11-30 04:31:10,421.29696532431586,423.78266753734584,428.8892745239323
2020-11-30 04:31:15,421.29696532431586,423.78266753734584,428.8892745239323
2020-11-30 04:31:20,421.29696532431586,423.78266753734584,428.8892745239323
2020-11-30 04:31:25,421.29696532431586,423.42617896546795,428.8892745239323
2020-11-30 04:31:30,421.29696532431586,423.42617896546795,428.8892745239323
2020-11-30 04:31:35,421.29696532431586,423.477257233308,428.8892745239323
2020-11-30 04:31:40,421.21101360297826,423.477257233308,428.8892745239323
2020-11-30 04:31:45,421.21101360297826,423.477257233308,428.8892745239323
2020-11-30 04:31:50,421.21101360297826,423.3517794388923,428.8892745239323
2020-11-30 04:31:55,421.21101360297826,423.4080056323637,428.8892745239323
2020-11-30 04:32:00,421.08894117187305,423.19348769530654,428.8892745239323
2020-11-30 04:32:05,421.08894117187305,422.7442648726738,428.8892745239323
2020-11-30 04:32:10,421.00818030764145,422.7442648726738,428.8892745239323
2020-11-30 04:32:15,421.00818030764145,422.6808952733473,428.8892745239323
2020-11-30 04:32:20,420.8851686384456,422.6808952733473,428.8892745239323
2020-11-30 04:32:25,420.8851686384456,422.6808952733473,428.8892745239323
2020-11-30 04:32:30,420.78529686947405,422.3696385585966,428.8892745239323
2020-11-30 04:32:35,420.72055254851983,422.3696385585966,428.8892745239323
2020-11-30 04:32:40,420.63245503908746,422.41365788315954,428.87313090294316
2020-11-30 04:32:45,420.63245503908746,422.41365788315954,428.87313090294316
2020-11-30 04:32:50,420.63245503908746,421.68385696732645,428.7942326371931
2020-11-30 04:32:55,420.5218407278791,421.68385696732645,428.7455969419617
2020-11-30 04:33:00,420.5218407278791,421.68385696732645,428.7455969419617
2020-11-30 04:33:05,420.42764334231407,421.68385696732645,428.7455969419617
2020-11-30 04:33:10,420.42764334231407,421.76708759355284,428.6137286004591
2020-11-30 04:33:15,420.3880854786576,421.76708759355284,428.6137286004591
2020-11-30 04:33:20,420.3185566589574,421.8135550557588,428.6137286004591
2020-11-30 04:33:25,420.067408125323,421.3920737514714,428.6137286004591
2020-11-30 04:33:30,420.067408125323,421.3920737514714,428.56539952422435
2020-11-30 04:33:35,420.067408125323,421.3920737514714,428.56539952422435
2020-11-30 04:33:40,419.9769241176027,421.2832298888105,428.53636926917244
2020-11-30 04:33:45,419.9769241176027,420.81108716513654,428.53636926917244
2020-11-30 04:33:50,419.9769241176027,420.81108716513654,428.5114965052011
2020-11-30 04:33:55,419.9769241176027,420.7925204475712,428.5114965052011
2020-11-30 04:34:00,419.9769241176027,420.7925204475712,428.42730114180944
2020-11-30 04:34:05,419.9769241176027,420.7925204475712,428.2426956912603
2020-11-30 04:34:10,419.9769241176027,420.8390912380103,428.2505529231143
2020-11-30 04:34:15,419.9769241176027,420.8390912380103,428.2505529231143
2020-11-30 04:34:20,419.9769241176027,420.8390912380103,428.2505529231143
2020-11-30 04:34:25,419.9769241176027,420.8390912380103,428.2505529231143
2020-11-30 04:34:30,419.9520382944894,420.8390912380103,428.2505529231143
2020-11-30 04:34:35,419.9520382944894,420.8390912380103,428.2505529231143
2020-11-30 04:34:40,419.8905518857936,420.72909560515217,428.2505529231143
2020-11-30 04:34:45,419.7852776472163,420.72909560515217,428.2818034947428
2020-11-30 04:34:50,419.7852776472163,420.72909560515217,428.2818034947428
2020-11-30 04:34:55,419.7852776472163,420.65366795896705,428.24556400007697
2020-11-30 04:35:00,419.7852776472163,420.65366795896705,428.24556400007697
2020-11-30 04:35:05,419.7852776472163,420.70082122489566,428.24556400007697
2020-11-30 04:35:10,419.7852776472163,420.70082122489566,428.24556400007697
2020-11-30 04:35:15,419.7852776472163,420.7500100195347,428.24556400007697
2020-11-30 04:35:20,419.7852776472163,420.7500100195347,428.24556400007697
2020-11-30 04:35:25,419.7852776472163,420.7500100195347,428.24556400007697
2020-11-30 04:35:30,419.87235880484155,420.37979571982845,428.24556400007697
2020-11-30 04:35:35,419.9748087066369,420.37979571982845,428.24556400007697
2020-11-30 04:35:40,419.9564584049923,420.37979571982845,428.24556400007697
2020-11-30 04:35:45,419.9564584049923,419.892851822841,428.24556400007697
2020-11-30 04:35:50,419.9979937470736,419.892851822841,428.24556400007697
2020-11-30 04:35:55,420.14282438737007,419.892851822841,428.24556400007697
2020-11-30 04:36:00,420.23873699405584,419.8309206821111,428.24556400007697
2020-11-30 04:36:05,420.23873699405584,419.8309206821111,428.24556400007697
2020-11-30 04:36:10,420.23873699405584,419.8309206821111,428.24556400007697
2020-11-30 04:36:15,420.3233732818016,419.8309206821111,428.24556400007697
2020-11-30 04:36:20,420.5718763688662,419.80712011564583,428.24556400007697
2020-11-30 04:36:25,420.64733670643767,419.80712011564583,428.24556400007697
2020-11-30 04:36:30,420.8638928072853,419.80712011564583,428.24556400007697
2020-11-30 04:36:35,420.8638928072853,419.80712011564583,428.24556400007697
2020-11-30 04:36:40,420.9156675037071,419.80712011564583,428.24556400007697
2020-11-30 04:36:45,420.99735548014837,419.80712011564583,428.24556400007697
2020-11-30 04:36:50,421.32443016298606,419.80712011564583,428.24556400007697
2020-11-30 04:36:55,421.40751852945965,419.80712011564583,428.30086561018834
2020-11-30 04:37:00,421.53350656718413,419.80712011564583,428.30086561018834
2020-11-30 04:37:05,421.53350656718413,419.80712011564583,428.3537387131866
2020-11-30 04:37:10,421.7322089725714,419.80712011564583,428.3537387131866
2020-11-30 04:37:15,422.07437561841317,419.80712011564583,428.3737210123271
2020-11-30 04:37:20,422.07437561841317,419.80712011564583,428.3737210123271
2020-11-30 04:37:25,422.07437561841317,419.80712011564583,428.3737210123271
2020-11-30 04:37:30,422.26862939667035,419.80712011564583,428.3737210123271
2020-11-30 04:37:35,422.44950802551097,419.80712011564583,428.3737210123271
2020-11-30 04:37:40,422.4506260608076,419.83084495178804,428.4188684494296
2020-11-30 04:37:45,422.57451793090144,419.83084495178804,428.4609739345837
2020-11-30 04:37:50,422.8089909669031,420.39236819230456,428.5092104986959
2020-11-30 04:37:55,422.8089909669031,420.39236819230456,428.5092104986959
2020-11-30 04:38:00,422.91798121345215,420.39236819230456,428.5092104986959
2020-11-30 04:38:05,422.9910968966991,420.39236819230456,428.5092104986959
2020-11-30 04:38:10,423.05850484201477,420.39236819230456,428.5092104986959
2020-11-30 04:38:15,423.1354563254478,420.39236819230456,428.5092104986959
2020-11-30 04:38:20,423.1354563254478,420.39236819230456,428.5092104986959
2020-11-30 04:38:25,423.17743483299444,420.39236819230456,428.5092104986959
2020-11-30 04:38:30,423.22585710899915,420.39236819230456,428.6185231131805
2020-11-30 04:38:35,423.29147797984797,420.39236819230456,428.6185231131805
2020-11-30 04:38:40,423.29147797984797,420.39236819230456,428.6185231131805
2020-11-30 04:38:45,423.29147797984797,420.39236819230456,428.6185231131805
2020-11-30 04:38:50,423.29147797984797,420.39236819230456,428.6185231131805
2020-11-30 04:38:55,423.29147797984797,420.39236819230456,428.6185231131805
2020-11-30 04:39:00,423.4121346658384,419.9466767557674,428.6185231131805
2020-11-30 04:39:05,423.4121346658384,419.9466767557674,428.6185231131805
2020-11-30 04:39:10,423.4719666806361,419.9466767557674,428.6185231131805
2020-11-30 04:39:15,423.4719666806361,420.00029859380226,428.6185231131805
2020-11-30 04:39:20,423.4719666806361,419.9836265730124,428.6185231131805
2020-11-30 04:39:25,423.4719666806361,419.9836265730124,428.6185231131805
2020-11-30 04:39:30,423.4719666806361,419.9047604265898,428.6185231131805
2020-11-30 04:39:35,423.4719666806361,419.9047604265898,428.6185231131805
2020-11-30 04:39:40,423.4719666806361,419.9047604265898,428.6185231131805
2020-11-30 04:39:45,423.4719666806361,419.9047604265898,428.6185231131805
2020-11-30 04:39:50,423.4020656454309,419.9047604265898,428.6185231131805
2020-11-30 04:39:55,423.4020656454309,419.9047604265898,428.6185231131805
2020-11-30 04:40:00,423.3899655800546,419.9047604265898,428.6185231131805
2020-11-30 04:40:05,423.3899655800546,419.449527080769,428.6185231131805
2020-11-30 04:40:10,423.2916267166984,419.4388203814321,428.57917211583464
2020-11-30 04:40:15,423.17967480880554,419.4388203814321,428.49872044706996
2020-11-30 04:40:20,423.06707237396364,419.4388203814321,428.1935379472136
2020-11-30 04:40:25,422.92444980230636,419.4954663787498,427.85671875972366
2020-11-30 04:40:30,422.7944848116493,419.3148560629039,427.80814919273564
2020-11-30 04:40:35,422.7944848116493,419.31858542608177,427.7644198244053
2020-11-30 04:40:40,422.7431943641694,419.31858542608177,427.74055433325503
2020-11-30 04:40:45,422.60936098473746,419.31858542608177,427.7473511030383
2020-11-30 04:40:50,422.5500884302402,418.4126819593833,427.45727015236906
2020-11-30 04:40:55,422.3215315961548,418.4126819593833,427.47830247516737
2020-11-30 04:41:00,422.05239808898676,418.36666018038284,426.97855141755707
2020-11-30 04:41:05,422.03796904247963,418.36666018038284,426.9422110180901
2020-11-30 04:41:10,422.03796904247963,418.408724908896,426.8504372133043
2020-11-30 04:41:15,421.93092155345335,418.408724908896,426.72946826874715
2020-11-30 04:41:20,421.93092155345335,418.2853508157667,426.5979058120847
2020-11-30 04:41:25,421.82177473843115,418.28937376212326,426.44606507390705
2020-11-30 04:41:30,421.60503103982415,418.2314152647669,426.4670904831501
2020-11-30 04:41:35,421.54697793301636,418.2314152647669,425.98603730875976
2020-11-30 04:41:40,421.34989441573856,418.2314152647669,425.9436252065935
2020-11-30 04:41:45,421.3047904292487,417.4035338880283,425.91651710171124
2020-11-30 04:41:50,421.3047904292487,417.4035338880283,425.91651710171124
2020-11-30 04:41:55,421.3047904292487,417.4035338880283,425.8854677197016
2020-11-30 04:42:00,421.2560928591559,417.4393412257712,425.8895699640235
2020-11-30 04:42:05,421.2560928591559,417.39956037438697,425.8895699640235
2020-11-30 04:42:10,421.13180826948314,417.45619963946314,425.8895699640235
2020-11-30 04:42:15,421.13180826948314,417.45619963946314,425.86836113561935
2020-11-30 04:42:20,421.07067716389406,417.45619963946314,425.616590458544
2020-11-30 04:42:25,421.0665714389741,417.45619963946314,425.64463143875486
2020-11-30 04:42:30,421.01022418282275,417.38337819239024,425.51944929929857
2020-11-30 04:42:35,421.01022418282275,417.38337819239024,425.51944929929857
2020-11-30 04:42:40,421.01022418282275,417.32728295068176,425.3502121234889
2020-11-30 04:42:45,420.93811800635683,417.2274221000883,425.3502121234889
2020-11-30 04:42:50,420.93811800635683,417.2223732377299,425.3057472070492
2020-11-30 04:42:55,420.93811800635683,417.2223732377299,425.1850360731375
2020-11-30 04:43:00,420.8646111841141,417.2636935325061,425.1850360731375
2020-11-30 04:43:05,420.8646111841141,416.87258543329426,425.1850360731375
2020-11-30 04:43:10,420.61506530797686,416.42015030088135,425.1850360731375
2020-11-30 04:43:15,420.61506530797686,416.4695426092645,425.1850360731375
2020-11-30 04:43:20,420.61506530797686,416.4695426092645,425.1850360731375
2020-11-30 04:43:25,420.61506530797686,416.4695426092645,424.97648161402486
2020-11-30 04:43:30,420.57876265413813,416.4380766820101,424.923849124865
2020-11-30 04:43:35,420.57876265413813,416.4380766820101,424.91093792973874
2020-11-30 04:43:40,420.57876265413813,416.4380766820101,424.91093792973874
2020-11-30 04:43:45,420.57876265413813,416.4380766820101,424.91093792973874
2020-11-30 04:43:50,420.4674171030793,416.4380766820101,424.91093792973874
2020-11-30 04:43:55,420.4135912156548,416.4380766820101,424.91093792973874
2020-11-30 04:44:00,420.4135912156548,416.4380766820101,424.91093792973874
2020-11-30 04:44:05,420.294304229993,416.4380766820101,424.8901246642659
2020-11-30 04:44:10,420.25897271513304,416.4380766820101,424.8901246642659
2020-11-30 04:44:15,420.25897271513304,416.4380766820101,424.8901246642659
2020-11-30 04:44:20,420.25897271513304,416.4380766820101,424.8882784732737
2020-11-30 04:44:25,420.21216717109866,416.4380766820101,424.74301980747697
2020-11-30 04:44:30,420.21216717109866,416.4380766820101,424.75095357995605
2020-11-30 04:44:35,420.21216717109866,416.4380766820101,424.75095357995605
2020-11-30 04:44:40,420.1670341321743,416.4380766820101,424.75095357995605
2020-11-30 04:44:45,420.1670341321743,416.4380766820101,424.6242726924949
2020-11-30 04:44:50,420.04302304455575,416.4380766820101,424.6242726924949
2020-11-30 04:44:55,420.04302304455575,416.4380766820101,424.6242726924949
2020-11-30 04:45:00,420.04302304455575,416.4380766820101,424.6242726924949
2020-11-30 04:45:05,420.04302304455575,416.4380766820101,424.6242726924949
2020-11-30 04:45:10,420.04629613950266,416.4380766820101,424.6086755388247
2020-11-30 04:45:15,420.04629613950266,416.4380766820101,424.6086755388247
2020-11-30 04:45:20,419.8551894191756,416.34567393222477,424.6086755388247
2020-11-30 04:45:25,419.8551894191756,416.43599445936536,424.6086755388247
2020-11-30 04:45:30,419.7816646241894,416.43599445936536,424.5008557009146
2020-11-30 04:45:35,419.7385942466979,416.43599445936536,424.5008557009146
2020-11-30 04:45:40,419.7043362132828,416.43599445936536,424.44734289053434
2020-11-30 04:45:45,419.65254657967364,416.43599445936536,424.40839302949144
