time,融合1,融合2
2020-11-3 01:38:55,489.1123366901806,495.88222559268814
2020-11-3 01:39:00,489.1123366901806,495.88222559268814
2020-11-3 01:39:05,489.1123366901806,495.82428129169494
2020-11-3 01:39:10,489.1123366901806,495.82428129169494
2020-11-3 01:39:15,489.1123366901806,495.82428129169494
2020-11-3 01:39:20,489.1123366901806,495.82428129169494
2020-11-3 01:39:25,489.0874118733297,495.82428129169494
2020-11-3 01:39:30,489.0874118733297,495.71427321041415
2020-11-3 01:39:35,489.0874118733297,495.71427321041415
2020-11-3 01:39:40,489.0874118733297,495.71427321041415
2020-11-3 01:39:45,489.0874118733297,495.71427321041415
2020-11-3 01:39:50,489.0874118733297,495.71427321041415
2020-11-3 01:39:55,489.0874118733297,495.71427321041415
2020-11-3 01:40:00,489.0665250013329,495.71427321041415
2020-11-3 01:40:05,489.0665250013329,495.71427321041415
2020-11-3 01:40:10,489.0665250013329,495.71427321041415
2020-11-3 01:40:15,489.0665250013329,495.71427321041415
2020-11-3 01:40:20,489.0665250013329,495.71427321041415
2020-11-3 01:40:25,489.0665250013329,495.8620004389457
2020-11-3 01:40:30,489.0665250013329,495.92848683306295
2020-11-3 01:40:35,489.0665250013329,496.0819450072944
2020-11-3 01:40:40,489.0665250013329,496.0819450072944
2020-11-3 01:40:45,489.0665250013329,496.23723541038504
2020-11-3 01:40:50,489.09772712199083,496.3908657723646
2020-11-3 01:40:55,489.09772712199083,496.48601869899875
2020-11-3 01:41:00,489.11217234482797,496.53190029275606
2020-11-3 01:41:05,489.11217234482797,496.53190029275606
2020-11-3 01:41:10,489.34807668878733,496.63712435467045
2020-11-3 01:41:15,489.34807668878733,496.63712435467045
2020-11-3 01:41:20,489.34807668878733,496.63712435467045
2020-11-3 01:41:25,489.34807668878733,496.63712435467045
2020-11-3 01:41:30,489.34807668878733,496.63712435467045
2020-11-3 01:41:35,489.34807668878733,496.63712435467045
2020-11-3 01:41:40,489.34807668878733,496.71693657210733
2020-11-3 01:41:45,489.34807668878733,496.71693657210733
2020-11-3 01:41:50,489.34807668878733,496.79085228593976
2020-11-3 01:41:55,489.34807668878733,496.79085228593976
2020-11-3 01:42:00,489.38329165915826,496.79085228593976
2020-11-3 01:42:05,489.7672745073364,496.79085228593976
2020-11-3 01:42:10,489.7672745073364,496.89656197482617
2020-11-3 01:42:15,489.7672745073364,496.9850760601044
2020-11-3 01:42:20,489.7672745073364,496.9850760601044
2020-11-3 01:42:25,489.7672745073364,496.9850760601044
2020-11-3 01:42:30,489.9713745446269,496.9850760601044
2020-11-3 01:42:35,489.9713745446269,497.267475686022
2020-11-3 01:42:40,489.9713745446269,497.47663655362237
2020-11-3 01:42:45,489.9713745446269,497.52291119337985
2020-11-3 01:42:50,490.3438873769818,497.6172684117151
2020-11-3 01:42:55,490.3438873769818,497.83436856831423
2020-11-3 01:43:00,490.8124456137966,497.9714331681254
2020-11-3 01:43:05,490.8075417908839,498.44723840196804
2020-11-3 01:43:10,491.38431028966045,498.5805508440204
2020-11-3 01:43:15,491.38431028966045,498.5805508440204
2020-11-3 01:43:20,491.4354663534515,498.5805508440204
2020-11-3 01:43:25,491.4354663534515,498.5805508440204
2020-11-3 01:43:30,491.4354663534515,498.68978941063165
2020-11-3 01:43:35,491.42588299506775,498.68978941063165
2020-11-3 01:43:40,491.42588299506775,498.68978941063165
2020-11-3 01:43:45,491.42588299506775,498.68978941063165
2020-11-3 01:43:50,491.42588299506775,498.68978941063165
2020-11-3 01:43:55,491.42588299506775,498.68978941063165
2020-11-3 01:44:00,491.42588299506775,498.68978941063165
2020-11-3 01:44:05,491.42588299506775,498.68978941063165
2020-11-3 01:44:10,491.42588299506775,498.68978941063165
2020-11-3 01:44:15,491.42588299506775,498.68978941063165
2020-11-3 01:44:20,491.42588299506775,498.68978941063165
2020-11-3 01:44:25,491.42588299506775,498.68978941063165
2020-11-3 01:44:30,491.42588299506775,498.68978941063165
2020-11-3 01:44:35,491.42588299506775,498.68978941063165
2020-11-3 01:44:40,491.42588299506775,498.68978941063165
2020-11-3 01:44:45,491.42588299506775,498.68978941063165
2020-11-3 01:44:50,491.42588299506775,498.68978941063165
2020-11-3 01:44:55,491.42588299506775,498.68978941063165
2020-11-3 01:45:00,491.42588299506775,498.68978941063165
2020-11-3 01:45:05,491.42588299506775,498.68978941063165
2020-11-3 01:45:10,491.42588299506775,498.68978941063165
2020-11-3 01:45:15,491.42588299506775,498.68978941063165
2020-11-3 01:45:20,491.42588299506775,498.7725911700981
2020-11-3 01:45:25,491.42588299506775,498.7725911700981
2020-11-3 01:45:30,491.42588299506775,498.7725911700981
2020-11-3 01:45:35,491.42588299506775,498.7725911700981
2020-11-3 01:45:40,491.42588299506775,498.7725911700981
2020-11-3 01:45:45,491.42588299506775,498.7725911700981
2020-11-3 01:45:50,491.7149301002435,498.7725911700981
2020-11-3 01:45:55,491.7149301002435,498.99052621934675
2020-11-3 01:46:00,491.77261686684267,498.99052621934675
2020-11-3 01:46:05,492.2058739315487,499.1012461929611
2020-11-3 01:46:10,492.4375339509815,499.1012461929611
2020-11-3 01:46:15,492.4375339509815,499.1421248567747
2020-11-3 01:46:20,492.4375339509815,499.1421248567747
2020-11-3 01:46:25,492.4375339509815,499.35919116675854
2020-11-3 01:46:30,492.65956443001414,499.57683119166495
2020-11-3 01:46:35,492.65956443001414,499.57683119166495
2020-11-3 01:46:40,493.088925998338,499.57683119166495
2020-11-3 01:46:45,493.088925998338,499.57683119166495
2020-11-3 01:46:50,493.088925998338,499.66061342091166
2020-11-3 01:46:55,493.088925998338,499.66061342091166
2020-11-3 01:47:00,493.42053432899104,499.66061342091166
2020-11-3 01:47:05,493.42053432899104,499.77001681339686
2020-11-3 01:47:10,493.46989988613336,499.77001681339686
2020-11-3 01:47:15,493.46989988613336,499.77001681339686
2020-11-3 01:47:20,493.46989988613336,499.77001681339686
2020-11-3 01:47:25,493.46989988613336,499.77001681339686
2020-11-3 01:47:30,493.46989988613336,499.77001681339686
2020-11-3 01:47:35,493.46989988613336,499.91011241497404
2020-11-3 01:47:40,493.46989988613336,499.94646367859843
2020-11-3 01:47:45,493.46989988613336,500.10349306843835
2020-11-3 01:47:50,493.46989988613336,500.10349306843835
2020-11-3 01:47:55,493.46989988613336,500.10349306843835
2020-11-3 01:48:00,493.46989988613336,500.10349306843835
2020-11-3 01:48:05,493.46989988613336,500.25190136892326
2020-11-3 01:48:10,493.46989988613336,500.4060965727067
2020-11-3 01:48:15,493.46989988613336,500.5058796794261
2020-11-3 01:48:20,493.46989988613336,500.5058796794261
2020-11-3 01:48:25,493.46989988613336,500.5058796794261
2020-11-3 01:48:30,493.46989988613336,500.5481130350759
2020-11-3 01:48:35,493.46989988613336,500.5481130350759
2020-11-3 01:48:40,493.46989988613336,500.5481130350759
2020-11-3 01:48:45,493.46989988613336,500.5481130350759
2020-11-3 01:48:50,493.46989988613336,500.5481130350759
2020-11-3 01:48:55,493.46989988613336,500.5481130350759
2020-11-3 01:49:00,493.46989988613336,500.5481130350759
2020-11-3 01:49:05,493.1116534341015,500.5481130350759
2020-11-3 01:49:10,492.7183362234492,500.46887987700995
2020-11-3 01:49:15,492.5949501975072,500.3462230748488
2020-11-3 01:49:20,492.4202961087323,500.14371619856456
2020-11-3 01:49:25,492.4202961087323,500.0971632487477
2020-11-3 01:49:30,492.4202961087323,499.8281569248851
2020-11-3 01:49:35,492.4202961087323,499.67625346363315
2020-11-3 01:49:40,491.9562002265264,499.56933748404185
2020-11-3 01:49:45,491.75548819606405,499.3588938883984
2020-11-3 01:49:50,491.75548819606405,499.2497348140559
2020-11-3 01:49:55,491.75548819606405,499.1154410144169
2020-11-3 01:50:00,491.29092996088724,498.87847813183305
2020-11-3 01:50:05,491.0625185980598,498.72833823688137
2020-11-3 01:50:10,491.0625185980598,498.72833823688137
2020-11-3 01:50:15,491.0625185980598,498.72833823688137
2020-11-3 01:50:20,491.0625185980598,498.72833823688137
2020-11-3 01:50:25,491.0625185980598,498.72833823688137
2020-11-3 01:50:30,491.0625185980598,498.72833823688137
2020-11-3 01:50:35,491.0625185980598,498.72833823688137
2020-11-3 01:50:40,491.0625185980598,498.72833823688137
2020-11-3 01:50:45,491.0625185980598,498.72833823688137
2020-11-3 01:50:50,491.0625185980598,498.72833823688137
2020-11-3 01:50:55,491.0625185980598,498.72833823688137
2020-11-3 01:51:00,491.0625185980598,498.72833823688137
2020-11-3 01:51:05,491.0625185980598,498.72833823688137
2020-11-3 01:51:10,491.0625185980598,498.72833823688137
2020-11-3 01:51:15,491.0650930093465,498.72833823688137
2020-11-3 01:51:20,491.0650930093465,498.72833823688137
2020-11-3 01:51:25,491.0650930093465,498.72833823688137
2020-11-3 01:51:30,491.0650930093465,498.79103177378164
2020-11-3 01:51:35,491.0650930093465,498.8627211557327
2020-11-3 01:51:40,491.0650930093465,498.8627211557327
2020-11-3 01:51:45,491.0650930093465,498.8627211557327
2020-11-3 01:51:50,491.0650930093465,498.8627211557327
2020-11-3 01:51:55,491.0650930093465,498.8627211557327
2020-11-3 01:52:00,491.0650930093465,498.8627211557327
2020-11-3 01:52:05,491.0650930093465,498.8627211557327
2020-11-3 01:52:10,491.0650930093465,498.8627211557327
2020-11-3 01:52:15,491.0650930093465,498.8627211557327
2020-11-3 01:52:20,491.2721490434068,498.8627211557327
2020-11-3 01:52:25,491.2721490434068,498.8627211557327
2020-11-3 01:52:30,491.2721490434068,498.8627211557327
2020-11-3 01:52:35,491.2721490434068,498.8627211557327
2020-11-3 01:52:40,491.2721490434068,498.8627211557327
2020-11-3 01:52:45,491.2771663611492,498.8627211557327
2020-11-3 01:52:50,491.2771663611492,498.8627211557327
2020-11-3 01:52:55,491.2771663611492,498.8627211557327
2020-11-3 01:53:00,491.2771663611492,498.8627211557327
2020-11-3 01:53:05,491.2771663611492,498.8627211557327
2020-11-3 01:53:10,491.38157660706605,498.8627211557327
2020-11-3 01:53:15,491.38157660706605,498.91408653636825
2020-11-3 01:53:20,491.38157660706605,498.91408653636825
2020-11-3 01:53:25,491.38157660706605,498.91408653636825
2020-11-3 01:53:30,491.38157660706605,499.0682791831637
2020-11-3 01:53:35,491.38157660706605,499.0682791831637
2020-11-3 01:53:40,491.38157660706605,499.0682791831637
2020-11-3 01:53:45,491.38157660706605,499.0682791831637
2020-11-3 01:53:50,491.38157660706605,499.0682791831637
2020-11-3 01:53:55,491.62836226611734,499.0682791831637
2020-11-3 01:54:00,491.62836226611734,499.1572620422208
2020-11-3 01:54:05,491.62836226611734,499.1572620422208
2020-11-3 01:54:10,491.62836226611734,499.1572620422208
2020-11-3 01:54:15,491.62836226611734,499.1572620422208
2020-11-3 01:54:20,491.62836226611734,499.1572620422208
2020-11-3 01:54:25,491.62836226611734,499.1572620422208
2020-11-3 01:54:30,491.6169761558373,499.1572620422208
2020-11-3 01:54:35,491.6169761558373,499.1572620422208
2020-11-3 01:54:40,491.6169761558373,499.1572620422208
2020-11-3 01:54:45,491.4951276160856,499.1572620422208
2020-11-3 01:54:50,491.4951276160856,499.1572620422208
2020-11-3 01:54:55,491.27695784514475,499.1572620422208
2020-11-3 01:55:00,491.27695784514475,499.1572620422208
2020-11-3 01:55:05,491.2803253671372,499.1572620422208
2020-11-3 01:55:10,491.2803253671372,499.1572620422208
2020-11-3 01:55:15,491.2803253671372,499.1572620422208
2020-11-3 01:55:20,491.0545740902612,499.1572620422208
2020-11-3 01:55:25,490.73836087942163,499.08775838848885
2020-11-3 01:55:30,490.30938556043134,498.8726797082245
2020-11-3 01:55:35,490.30938556043134,498.8726797082245
2020-11-3 01:55:40,490.2521201568096,498.82292135243364
2020-11-3 01:55:45,490.2521201568096,498.66025981959604
2020-11-3 01:55:50,490.2521201568096,498.66025981959604
2020-11-3 01:55:55,489.71445273625085,498.5978171579762
2020-11-3 01:56:00,489.30444795105154,498.49335736782854
2020-11-3 01:56:05,489.30444795105154,498.2395033211785
2020-11-3 01:56:10,489.2498783677498,498.0876532445273
2020-11-3 01:56:15,489.2498783677498,497.957062125237
2020-11-3 01:56:20,488.9876881344533,497.67860841284045
2020-11-3 01:56:25,488.9005275808363,497.62032834656674
2020-11-3 01:56:30,488.9005275808363,497.5344679098605
2020-11-3 01:56:35,488.9005275808363,497.4713368246214
2020-11-3 01:56:40,488.71208732730446,497.3089437967302
2020-11-3 01:56:45,488.71208732730446,497.1563228981703
2020-11-3 01:56:50,488.301660747283,497.04512112492733
2020-11-3 01:56:55,488.24712015680956,496.9092172942067
2020-11-3 01:57:00,488.24712015680956,496.9092172942067
2020-11-3 01:57:05,488.24712015680956,496.83349533864225
2020-11-3 01:57:10,488.027892642063,496.614751256183
2020-11-3 01:57:15,488.027892642063,496.4631326335554
2020-11-3 01:57:20,488.027892642063,496.4162466874054
2020-11-3 01:57:25,487.6400941670052,496.3594361623954
2020-11-3 01:57:30,487.6400941670052,496.3594361623954
2020-11-3 01:57:35,487.581120508485,496.3594361623954
2020-11-3 01:57:40,487.581120508485,496.3594361623954
2020-11-3 01:57:45,487.581120508485,496.2551123231005
2020-11-3 01:57:50,487.581120508485,496.2551123231005
2020-11-3 01:57:55,487.581120508485,496.2551123231005
2020-11-3 01:58:00,487.581120508485,496.1779286766215
2020-11-3 01:58:05,487.581120508485,496.1779286766215
2020-11-3 01:58:10,487.581120508485,496.1779286766215
2020-11-3 01:58:15,487.581120508485,496.02588873533466
2020-11-3 01:58:20,487.581120508485,496.02588873533466
2020-11-3 01:58:25,487.581120508485,496.02588873533466
2020-11-3 01:58:30,487.581120508485,496.02588873533466
2020-11-3 01:58:35,487.581120508485,496.02588873533466
2020-11-3 01:58:40,487.581120508485,495.9599651604734
2020-11-3 01:58:45,487.581120508485,495.9599651604734
2020-11-3 01:58:50,487.581120508485,495.80737523981315
2020-11-3 01:58:55,487.581120508485,495.6643295287691
2020-11-3 01:59:00,487.581120508485,495.6643295287691
2020-11-3 01:59:05,487.44503476614716,495.58516136802393
2020-11-3 01:59:10,487.44958330225313,495.58516136802393
2020-11-3 01:59:15,487.44958330225313,495.58516136802393
2020-11-3 01:59:20,487.44958330225313,495.58516136802393
2020-11-3 01:59:25,487.44958330225313,495.58516136802393
2020-11-3 01:59:30,487.44958330225313,495.58516136802393
2020-11-3 01:59:35,487.44958330225313,495.64094323144917
2020-11-3 01:59:40,487.44958330225313,495.64094323144917
2020-11-3 01:59:45,487.44958330225313,495.64094323144917
2020-11-3 01:59:50,487.44958330225313,495.72647595272116
2020-11-3 01:59:55,487.44958330225313,495.72647595272116
2020-11-3 02:00:00,487.44958330225313,495.72647595272116
2020-11-3 02:00:05,487.44958330225313,495.72647595272116
2020-11-3 02:00:10,487.44958330225313,495.72647595272116
2020-11-3 02:00:15,487.44958330225313,495.72647595272116
2020-11-3 02:00:20,487.44958330225313,495.72647595272116
2020-11-3 02:00:25,487.44958330225313,495.72647595272116
2020-11-3 02:00:30,487.44958330225313,495.72647595272116
2020-11-3 02:00:35,487.44958330225313,495.86414776718533
2020-11-3 02:00:40,487.44958330225313,495.86414776718533
2020-11-3 02:00:45,487.44958330225313,495.86414776718533
2020-11-3 02:00:50,487.44958330225313,495.86414776718533
2020-11-3 02:00:55,487.44958330225313,495.86414776718533
2020-11-3 02:01:00,487.44958330225313,495.86414776718533
2020-11-3 02:01:05,487.44958330225313,495.86414776718533
2020-11-3 02:01:10,487.44958330225313,495.86414776718533
2020-11-3 02:01:15,487.44958330225313,495.86414776718533
2020-11-3 02:01:20,487.44958330225313,495.86414776718533
2020-11-3 02:01:25,487.44958330225313,495.86414776718533
2020-11-3 02:01:30,487.44958330225313,495.86414776718533
2020-11-3 02:01:35,487.44958330225313,495.86414776718533
2020-11-3 02:01:40,487.44958330225313,495.86414776718533
2020-11-3 02:01:45,487.44958330225313,495.86414776718533
2020-11-3 02:01:50,487.44958330225313,495.86414776718533
2020-11-3 02:01:55,487.44958330225313,495.86414776718533
2020-11-3 02:02:00,487.44958330225313,495.86414776718533
2020-11-3 02:02:05,487.44958330225313,495.86414776718533
2020-11-3 02:02:10,487.44958330225313,495.86414776718533
2020-11-3 02:02:15,487.44958330225313,495.7243145815827
2020-11-3 02:02:20,487.44958330225313,495.7243145815827
2020-11-3 02:02:25,487.44958330225313,495.68174672770624
2020-11-3 02:02:30,487.44958330225313,495.68174672770624
2020-11-3 02:02:35,487.44958330225313,495.68174672770624
2020-11-3 02:02:40,487.44958330225313,495.68174672770624
2020-11-3 02:02:45,487.44958330225313,495.68174672770624
2020-11-3 02:02:50,487.44958330225313,495.68174672770624
2020-11-3 02:02:55,487.44958330225313,495.68174672770624
2020-11-3 02:03:00,487.44958330225313,495.68174672770624
2020-11-3 02:03:05,487.44958330225313,495.68174672770624
2020-11-3 02:03:10,487.44958330225313,495.68174672770624
2020-11-3 02:03:15,487.44958330225313,495.68174672770624
2020-11-3 02:03:20,487.44958330225313,495.68174672770624
2020-11-3 02:03:25,487.44958330225313,495.68174672770624
2020-11-3 02:03:30,487.44958330225313,495.68174672770624
2020-11-3 02:03:35,487.44958330225313,495.68174672770624
2020-11-3 02:03:40,487.44958330225313,495.68174672770624
2020-11-3 02:03:45,487.44958330225313,495.68174672770624
2020-11-3 02:03:50,487.44958330225313,495.6561338522423
2020-11-3 02:03:55,487.44958330225313,495.6561338522423
2020-11-3 02:04:00,487.44958330225313,495.6561338522423
2020-11-3 02:04:05,487.44958330225313,495.6561338522423
2020-11-3 02:04:10,487.44958330225313,495.6561338522423
2020-11-3 02:04:15,487.44958330225313,495.6561338522423
2020-11-3 02:04:20,487.44958330225313,495.6561338522423
2020-11-3 02:04:25,487.44958330225313,495.6561338522423
2020-11-3 02:04:30,487.44958330225313,495.6561338522423
2020-11-3 02:04:35,487.44958330225313,495.6561338522423
2020-11-3 02:04:40,487.51752681001864,495.6561338522423
2020-11-3 02:04:45,487.51752681001864,495.6561338522423
2020-11-3 02:04:50,487.51752681001864,495.6561338522423
2020-11-3 02:04:55,487.51752681001864,495.6561338522423
2020-11-3 02:05:00,487.51752681001864,495.6561338522423
2020-11-3 02:05:05,487.51752681001864,495.6561338522423
2020-11-3 02:05:10,487.51752681001864,495.6813408853522
2020-11-3 02:05:15,487.51752681001864,495.6813408853522
2020-11-3 02:05:20,487.9613146383246,495.6813408853522
2020-11-3 02:05:25,487.9613146383246,495.6813408853522
2020-11-3 02:05:30,488.0108006888858,495.7846681676595
2020-11-3 02:05:35,488.22793078292165,495.7846681676595
2020-11-3 02:05:40,488.22793078292165,495.7846681676595
2020-11-3 02:05:45,488.22793078292165,495.7846681676595
2020-11-3 02:05:50,488.22793078292165,495.7846681676595
2020-11-3 02:05:55,488.22793078292165,495.83280277023215
2020-11-3 02:06:00,488.22793078292165,495.95120404662595
2020-11-3 02:06:05,488.22793078292165,496.04656228530723
2020-11-3 02:06:10,488.22793078292165,496.04656228530723
2020-11-3 02:06:15,488.22793078292165,496.1161458011037
2020-11-3 02:06:20,488.22793078292165,496.18366984807585
2020-11-3 02:06:25,488.22793078292165,496.18366984807585
2020-11-3 02:06:30,488.22793078292165,496.3368162229179
2020-11-3 02:06:35,488.73597992658904,496.4498877933122
2020-11-3 02:06:40,488.73597992658904,496.61970869068125
2020-11-3 02:06:45,488.73597992658904,496.78033653884347
2020-11-3 02:06:50,488.73597992658904,496.78033653884347
2020-11-3 02:06:55,488.73597992658904,496.9280975483023
2020-11-3 02:07:00,488.9930088917291,496.9280975483023
2020-11-3 02:07:05,489.05337580240956,496.9280975483023
2020-11-3 02:07:10,489.05337580240956,496.9280975483023
2020-11-3 02:07:15,489.05337580240956,496.9280975483023
2020-11-3 02:07:20,489.05337580240956,497.0215242410301
2020-11-3 02:07:25,489.05337580240956,497.0215242410301
2020-11-3 02:07:30,489.2667035400788,497.0828959702421
2020-11-3 02:07:35,489.2667035400788,497.0828959702421
2020-11-3 02:07:40,489.2667035400788,497.0828959702421
2020-11-3 02:07:45,489.35814715497474,497.0828959702421
2020-11-3 02:07:50,489.35814715497474,497.0828959702421
2020-11-3 02:07:55,489.35814715497474,497.0828959702421
2020-11-3 02:08:00,489.35814715497474,497.0828959702421
2020-11-3 02:08:05,489.35814715497474,497.0828959702421
2020-11-3 02:08:10,489.35814715497474,497.0828959702421
2020-11-3 02:08:15,489.35814715497474,497.0828959702421
2020-11-3 02:08:20,489.35814715497474,497.0828959702421
2020-11-3 02:08:25,488.9873559762316,496.8543822000827
2020-11-3 02:08:30,488.9873559762316,496.727041619979
2020-11-3 02:08:35,488.9873559762316,496.727041619979
2020-11-3 02:08:40,488.67442531794154,496.727041619979
2020-11-3 02:08:45,488.67442531794154,496.6562758754936
2020-11-3 02:08:50,488.3712669592457,496.5099647382906
2020-11-3 02:08:55,488.35519089030703,496.36881673548135
2020-11-3 02:09:00,488.35519089030703,496.36881673548135
2020-11-3 02:09:05,488.35519089030703,496.36881673548135
2020-11-3 02:09:10,488.35519089030703,496.2778348002778
2020-11-3 02:09:15,488.35519089030703,496.1240973088108
2020-11-3 02:09:20,488.35519089030703,496.1240973088108
2020-11-3 02:09:25,488.35519089030703,496.1240973088108
2020-11-3 02:09:30,488.35519089030703,496.1240973088108
2020-11-3 02:09:35,488.35519089030703,496.1240973088108
2020-11-3 02:09:40,488.35519089030703,496.1240973088108
2020-11-3 02:09:45,488.35519089030703,496.1240973088108
2020-11-3 02:09:50,488.35519089030703,496.1240973088108
2020-11-3 02:09:55,488.35519089030703,496.1240973088108
2020-11-3 02:10:00,488.35519089030703,496.1240973088108
2020-11-3 02:10:05,488.35519089030703,496.1240973088108
2020-11-3 02:10:10,488.35519089030703,496.1240973088108
2020-11-3 02:10:15,488.35519089030703,496.1240973088108
2020-11-3 02:10:20,488.35519089030703,496.1240973088108
2020-11-3 02:10:25,488.35519089030703,496.1240973088108
2020-11-3 02:10:30,488.35519089030703,496.1240973088108
2020-11-3 02:10:35,488.35519089030703,496.1240973088108
2020-11-3 02:10:40,488.35519089030703,496.1240973088108
2020-11-3 02:10:45,488.35519089030703,496.1240973088108
2020-11-3 02:10:50,487.9847723905099,496.1240973088108
2020-11-3 02:10:55,487.9847723905099,496.1240973088108
2020-11-3 02:11:00,487.9847723905099,496.1240973088108
2020-11-3 02:11:05,487.9847723905099,496.20175576930745
2020-11-3 02:11:10,487.9847723905099,496.20175576930745
2020-11-3 02:11:15,487.9847723905099,496.20175576930745
2020-11-3 02:11:20,487.9847723905099,496.27848002637876
2020-11-3 02:11:25,487.9847723905099,496.27848002637876
2020-11-3 02:11:30,487.9847723905099,496.3536236686447
2020-11-3 02:11:35,487.9847723905099,496.5148091749627
2020-11-3 02:11:40,487.9847723905099,496.6636907193531
2020-11-3 02:11:45,487.9847723905099,496.6636907193531
2020-11-3 02:11:50,487.9847723905099,496.6636907193531
2020-11-3 02:11:55,487.9847723905099,496.6636907193531
2020-11-3 02:12:00,487.9847723905099,496.6636907193531
2020-11-3 02:12:05,487.9847723905099,496.6636907193531
2020-11-3 02:12:10,487.9847723905099,496.6636907193531
2020-11-3 02:12:15,487.9847723905099,496.6636907193531
2020-11-3 02:12:20,487.9847723905099,496.73972715130054
2020-11-3 02:12:25,487.9847723905099,496.73972715130054
2020-11-3 02:12:30,487.9847723905099,496.73972715130054
2020-11-3 02:12:35,487.9847723905099,496.8043652832258
2020-11-3 02:12:40,487.9847723905099,496.8043652832258
2020-11-3 02:12:45,487.9847723905099,496.8043652832258
2020-11-3 02:12:50,487.9847723905099,496.8043652832258
2020-11-3 02:12:55,487.9847723905099,496.8043652832258
2020-11-3 02:13:00,487.9847723905099,496.8043652832258
2020-11-3 02:13:05,487.9847723905099,496.8929745061187
2020-11-3 02:13:10,487.9847723905099,496.9475426676333
2020-11-3 02:13:15,487.9847723905099,496.9475426676333
2020-11-3 02:13:20,487.9847723905099,497.0814209031411
2020-11-3 02:13:25,487.9847723905099,497.0814209031411
2020-11-3 02:13:30,487.9847723905099,497.1361100276892
2020-11-3 02:13:35,487.9847723905099,497.1361100276892
2020-11-3 02:13:40,487.9847723905099,497.20985274827206
2020-11-3 02:13:45,487.9847723905099,497.3013796812653
2020-11-3 02:13:50,487.9847723905099,497.3013796812653
2020-11-3 02:13:55,487.9847723905099,497.3013796812653
2020-11-3 02:14:00,487.9847723905099,497.3013796812653
2020-11-3 02:14:05,487.9847723905099,497.3013796812653
2020-11-3 02:14:10,487.9847723905099,497.3013796812653
2020-11-3 02:14:15,487.9847723905099,497.3013796812653
2020-11-3 02:14:20,487.9847723905099,497.3013796812653
2020-11-3 02:14:25,487.9847723905099,497.3013796812653
2020-11-3 02:14:30,487.9847723905099,497.3013796812653
2020-11-3 02:14:35,487.9847723905099,497.3013796812653
2020-11-3 02:14:40,487.9847723905099,497.2431536279045
2020-11-3 02:14:45,487.9847723905099,497.2431536279045
2020-11-3 02:14:50,487.63739460464296,497.2431536279045
2020-11-3 02:14:55,487.54878740258033,497.2431536279045
2020-11-3 02:15:00,487.54878740258033,497.2431536279045
2020-11-3 02:15:05,487.54878740258033,497.2431536279045
2020-11-3 02:15:10,487.54878740258033,497.2431536279045
2020-11-3 02:15:15,487.54878740258033,497.2431536279045
2020-11-3 02:15:20,487.54878740258033,497.2431536279045
2020-11-3 02:15:25,487.54878740258033,497.2431536279045
2020-11-3 02:15:30,487.54878740258033,497.3345452647826
2020-11-3 02:15:35,487.54878740258033,497.3345452647826
2020-11-3 02:15:40,487.54878740258033,497.3345452647826
2020-11-3 02:15:45,487.75398953251704,497.3803824021636
2020-11-3 02:15:50,487.80153219632996,497.43889339815945
2020-11-3 02:15:55,487.5817697136776,497.372238561982
2020-11-3 02:16:00,487.44527739212054,497.26629696547417
2020-11-3 02:16:05,487.44527739212054,497.26629696547417
2020-11-3 02:16:10,487.44527739212054,497.13244755007105
2020-11-3 02:16:15,487.44527739212054,497.03635582778196
2020-11-3 02:16:20,487.22707684572373,497.03635582778196
2020-11-3 02:16:25,487.19830951335433,497.03635582778196
2020-11-3 02:16:30,487.0720889846503,496.9997718280052
2020-11-3 02:16:35,487.0720889846503,496.926162082469
2020-11-3 02:16:40,487.0720889846503,496.926162082469
2020-11-3 02:16:45,487.0720889846503,496.926162082469
2020-11-3 02:16:50,486.8330243926204,496.5726094860436
2020-11-3 02:16:55,486.8330243926204,496.4394105688777
2020-11-3 02:17:00,486.6960255512762,496.4394105688777
2020-11-3 02:17:05,486.6960255512762,496.2655831838151
2020-11-3 02:17:10,486.42948166636234,496.1172846989091
2020-11-3 02:17:15,486.42948166636234,495.6291723503205
2020-11-3 02:17:20,486.305282270731,495.49033028695277
2020-11-3 02:17:25,486.00875309812585,495.452901623005
2020-11-3 02:17:30,485.8743900840159,495.2613537263038
2020-11-3 02:17:35,485.8743900840159,494.92807968715357
2020-11-3 02:17:40,485.7032517926904,494.71170664825263
2020-11-3 02:17:45,485.7032517926904,494.48607545546923
2020-11-3 02:17:50,485.7032517926904,494.44856754960324
2020-11-3 02:17:55,485.3647699531334,494.44856754960324
2020-11-3 02:18:00,485.3647699531334,494.44856754960324
2020-11-3 02:18:05,485.3647699531334,494.4083753503348
2020-11-3 02:18:10,485.3647699531334,494.32254127758756
2020-11-3 02:18:15,485.3647699531334,494.32254127758756
2020-11-3 02:18:20,485.3647699531334,494.3091739517761
2020-11-3 02:18:25,485.3647699531334,494.3091739517761
2020-11-3 02:18:30,485.3647699531334,494.1289814297579
2020-11-3 02:18:35,485.3647699531334,494.1289814297579
2020-11-3 02:18:40,485.3647699531334,494.03628254584777
2020-11-3 02:18:45,485.3647699531334,494.03628254584777
2020-11-3 02:18:50,485.3647699531334,494.03628254584777
2020-11-3 02:18:55,485.3647699531334,494.03628254584777
2020-11-3 02:19:00,485.3647699531334,493.66884150734415
2020-11-3 02:19:05,485.3647699531334,493.63915470186123
2020-11-3 02:19:10,485.2323924626983,493.4767404059058
2020-11-3 02:19:15,485.2323924626983,493.23549844827915
2020-11-3 02:19:20,485.2323924626983,493.15156091618
2020-11-3 02:19:25,485.16809362949516,492.5612253056578
2020-11-3 02:19:30,485.01097132899645,492.4602185795744
2020-11-3 02:19:35,484.55730681247246,492.36963664572625
2020-11-3 02:19:40,484.55730681247246,492.3518613172801
2020-11-3 02:19:45,484.50047803704206,491.67994935587
2020-11-3 02:19:50,484.50047803704206,491.55870422400767
2020-11-3 02:19:55,483.9219424367097,491.4578093701312
2020-11-3 02:20:00,483.9219424367097,491.1100427778027
2020-11-3 02:20:05,483.5329160639206,491.00835938061465
2020-11-3 02:20:10,483.5465470297761,490.491222590074
2020-11-3 02:20:15,483.4896492887479,490.491222590074
2020-11-3 02:20:20,483.4896492887479,490.491222590074
2020-11-3 02:20:25,483.06780077817785,490.2272975174088
2020-11-3 02:20:30,483.06780077817785,490.2272975174088
2020-11-3 02:20:35,483.06780077817785,490.15126810445787
2020-11-3 02:20:40,483.06780077817785,490.15126810445787
2020-11-3 02:20:45,483.06780077817785,490.15126810445787
2020-11-3 02:20:50,483.06780077817785,490.1265975652963
2020-11-3 02:20:55,483.06780077817785,490.1265975652963
2020-11-3 02:21:00,483.06780077817785,490.1265975652963
2020-11-3 02:21:05,483.06780077817785,490.1265975652963
2020-11-3 02:21:10,483.06780077817785,490.1265975652963
2020-11-3 02:21:15,483.06780077817785,490.1265975652963
2020-11-3 02:21:20,483.06780077817785,490.1265975652963
2020-11-3 02:21:25,483.06780077817785,490.1265975652963
2020-11-3 02:21:30,483.1451749194828,490.1265975652963
2020-11-3 02:21:35,483.1451749194828,490.24331435345204
2020-11-3 02:21:40,483.5576392294273,490.24331435345204
2020-11-3 02:21:45,483.5576392294273,490.2667725715953
2020-11-3 02:21:50,483.68756892559855,490.4092045733405
2020-11-3 02:21:55,483.77227543787353,490.45450136219785
2020-11-3 02:22:00,484.1591640185585,490.46789143179404
2020-11-3 02:22:05,484.52049589073516,490.60773400728397
2020-11-3 02:22:10,484.58796264105507,490.60773400728397
2020-11-3 02:22:15,484.57353306065926,490.75139627924216
2020-11-3 02:22:20,484.57353306065926,490.781406410365
2020-11-3 02:22:25,484.78488859646774,491.14992143136243
2020-11-3 02:22:30,485.17226925156876,491.2351949585513
2020-11-3 02:22:35,485.17226925156876,491.3985616481867
2020-11-3 02:22:40,485.17226925156876,491.43410859801946
2020-11-3 02:22:45,485.17226925156876,491.532224117062
2020-11-3 02:22:50,485.2447793825071,491.532224117062
2020-11-3 02:22:55,485.5905510949205,491.57480113810004
2020-11-3 02:23:00,485.5905510949205,491.6895799457451
2020-11-3 02:23:05,485.5905510949205,491.8513840580243
2020-11-3 02:23:10,485.576461139911,491.96208180482785
2020-11-3 02:23:15,486.017389079269,492.08247214618507
2020-11-3 02:23:20,486.4005366905112,492.35855388687816
2020-11-3 02:23:25,486.5974867330592,492.69737390242136
2020-11-3 02:23:30,486.58280956539545,492.86289394095996
2020-11-3 02:23:35,486.8987279447711,492.86289394095996
2020-11-3 02:23:40,486.9697146448877,493.0897111729739
2020-11-3 02:23:45,487.398533699814,493.13027431234264
2020-11-3 02:23:50,487.421464062755,493.23161833924536
2020-11-3 02:23:55,487.72390543798883,493.6388267346737
2020-11-3 02:24:00,487.7658160372974,493.78628963003206
2020-11-3 02:24:05,487.9838373766142,494.0482405623832
2020-11-3 02:24:10,488.2575660432203,494.0482405623832
2020-11-3 02:24:15,488.2575660432203,494.2054544162227
2020-11-3 02:24:20,488.3414397713108,494.5168662008245
2020-11-3 02:24:25,488.3414397713108,494.5168662008245
2020-11-3 02:24:30,488.764009386916,494.581309028225
2020-11-3 02:24:35,489.0059453022602,494.6444270219747
2020-11-3 02:24:40,489.04788785418793,495.0129145278797
2020-11-3 02:24:45,489.10353880083744,495.46291555115664
2020-11-3 02:24:50,489.34415252562854,495.46291555115664
2020-11-3 02:24:55,489.34415252562854,495.6466896204565
2020-11-3 02:25:00,489.34415252562854,495.7335039679701
2020-11-3 02:25:05,489.5767452487029,495.8695681231887
2020-11-3 02:25:10,490.0207261779257,496.19257234016334
2020-11-3 02:25:15,490.2952230564448,496.601966197981
2020-11-3 02:25:20,490.37693650673305,496.687547437403
2020-11-3 02:25:25,490.37693650673305,496.7486874155705
2020-11-3 02:25:30,490.37693650673305,496.7486874155705
2020-11-3 02:25:35,490.37693650673305,496.8430675776352
2020-11-3 02:25:40,490.4251504134726,496.95171819128046
2020-11-3 02:25:45,490.4251504134726,496.95171819128046
2020-11-3 02:25:50,490.8314209813725,497.0816060903375
2020-11-3 02:25:55,490.8314209813725,497.32163775154595
2020-11-3 02:26:00,490.8314209813725,497.32163775154595
2020-11-3 02:26:05,491.0960913769401,497.32163775154595
2020-11-3 02:26:10,491.0873960375276,497.32163775154595
2020-11-3 02:26:15,491.1456173660078,497.41565153587334
2020-11-3 02:26:20,491.1456173660078,497.5726365241402
2020-11-3 02:26:25,491.1456173660078,497.64547435328564
2020-11-3 02:26:30,491.1456173660078,497.71121680424307
2020-11-3 02:26:35,491.1456173660078,497.7610973126767
2020-11-3 02:26:40,491.1456173660078,497.9273263011116
2020-11-3 02:26:45,491.1456173660078,498.0686137418644
2020-11-3 02:26:50,491.1456173660078,498.0686137418644
2020-11-3 02:26:55,491.1456173660078,498.0686137418644
2020-11-3 02:27:00,491.1456173660078,498.1283097649564
2020-11-3 02:27:05,491.1456173660078,498.21077488069454
2020-11-3 02:27:10,491.1456173660078,498.28305878872163
2020-11-3 02:27:15,491.1456173660078,498.3338094230236
2020-11-3 02:27:20,491.1456173660078,498.3338094230236
2020-11-3 02:27:25,491.1456173660078,498.5801353594279
2020-11-3 02:27:30,491.3761641262588,498.5801353594279
2020-11-3 02:27:35,491.3761641262588,498.72186792126354
2020-11-3 02:27:40,491.4544995646002,498.72186792126354
2020-11-3 02:27:45,491.4544995646002,498.72186792126354
2020-11-3 02:27:50,491.4544995646002,498.72186792126354
2020-11-3 02:27:55,491.4544995646002,498.72186792126354
2020-11-3 02:28:00,491.4544995646002,498.72186792126354
2020-11-3 02:28:05,491.4544995646002,498.72186792126354
2020-11-3 02:28:10,491.4544995646002,498.72186792126354
2020-11-3 02:28:15,491.4544995646002,498.72186792126354
2020-11-3 02:28:20,491.6709622753352,498.72186792126354
2020-11-3 02:28:25,491.6820092417266,498.72186792126354
2020-11-3 02:28:30,491.6820092417266,498.72186792126354
2020-11-3 02:28:35,491.7804800381725,498.72186792126354
2020-11-3 02:28:40,491.7804800381725,498.72186792126354
2020-11-3 02:28:45,491.97331175309836,498.8930193422775
2020-11-3 02:28:50,491.97331175309836,498.8930193422775
2020-11-3 02:28:55,492.0048626236868,498.8930193422775
2020-11-3 02:29:00,492.38500391737875,498.8930193422775
2020-11-3 02:29:05,492.38500391737875,498.8930193422775
2020-11-3 02:29:10,492.38500391737875,498.8930193422775
2020-11-3 02:29:15,492.38500391737875,498.8930193422775
2020-11-3 02:29:20,492.38500391737875,498.8930193422775
2020-11-3 02:29:25,492.56197950429106,498.8930193422775
2020-11-3 02:29:30,492.56197950429106,498.8930193422775
2020-11-3 02:29:35,492.56197950429106,498.8930193422775
2020-11-3 02:29:40,492.56197950429106,498.8930193422775
2020-11-3 02:29:45,492.56197950429106,498.95144766795346
2020-11-3 02:29:50,492.56197950429106,498.95144766795346
2020-11-3 02:29:55,492.56197950429106,498.95144766795346
2020-11-3 02:30:00,492.38500391737875,498.95144766795346
2020-11-3 02:30:05,492.38500391737875,498.95144766795346
2020-11-3 02:30:10,492.38500391737875,498.95144766795346
2020-11-3 02:30:15,492.38500391737875,498.95144766795346
2020-11-3 02:30:20,492.38500391737875,498.95144766795346
2020-11-3 02:30:25,492.38500391737875,498.95144766795346
2020-11-3 02:30:30,492.38500391737875,498.95144766795346
2020-11-3 02:30:35,492.25481715674,498.95144766795346
2020-11-3 02:30:40,492.07120068628114,498.95144766795346
2020-11-3 02:30:45,492.0470763249861,498.95144766795346
2020-11-3 02:30:50,492.0470763249861,498.95144766795346
2020-11-3 02:30:55,492.0470763249861,499.0169050436749
2020-11-3 02:31:00,492.0470763249861,498.93082203791215
2020-11-3 02:31:05,491.8215739516939,498.93082203791215
2020-11-3 02:31:10,491.7336150360512,498.93082203791215
2020-11-3 02:31:15,491.7336150360512,498.93082203791215
2020-11-3 02:31:20,491.7253734995258,498.8554890273813
2020-11-3 02:31:25,491.7253734995258,498.8554890273813
2020-11-3 02:31:30,491.7253734995258,498.7178383135403
2020-11-3 02:31:35,491.7253734995258,498.6549515291908
2020-11-3 02:31:40,491.2294038859976,498.6549515291908
2020-11-3 02:31:45,491.2294038859976,498.6549515291908
2020-11-3 02:31:50,491.2294038859976,498.57123865850565
2020-11-3 02:31:55,491.1727904194864,498.57123865850565
2020-11-3 02:32:00,491.131112611904,498.57123865850565
2020-11-3 02:32:05,491.131112611904,498.57123865850565
2020-11-3 02:32:10,491.131112611904,498.40758139125273
2020-11-3 02:32:15,491.131112611904,498.40758139125273
2020-11-3 02:32:20,491.131112611904,498.40758139125273
2020-11-3 02:32:25,491.131112611904,498.40758139125273
2020-11-3 02:32:30,491.131112611904,498.40758139125273
2020-11-3 02:32:35,491.131112611904,498.40758139125273
2020-11-3 02:32:40,491.131112611904,498.40758139125273
2020-11-3 02:32:45,491.131112611904,498.40758139125273
2020-11-3 02:32:50,491.131112611904,498.40758139125273
2020-11-3 02:32:55,491.131112611904,498.40758139125273
2020-11-3 02:33:00,491.4070796633316,498.40758139125273
2020-11-3 02:33:05,491.4070796633316,498.40758139125273
2020-11-3 02:33:10,491.4070796633316,498.40758139125273
2020-11-3 02:33:15,491.4070796633316,498.40758139125273
2020-11-3 02:33:20,491.4070796633316,498.40758139125273
2020-11-3 02:33:25,491.4070796633316,498.40758139125273
2020-11-3 02:33:30,491.4070796633316,498.40758139125273
2020-11-3 02:33:35,491.4070796633316,498.40758139125273
2020-11-3 02:33:40,491.4070796633316,498.40758139125273
2020-11-3 02:33:45,491.4070796633316,498.40758139125273
2020-11-3 02:33:50,491.4070796633316,498.40758139125273
2020-11-3 02:33:55,491.4070796633316,498.40758139125273
2020-11-3 02:34:00,491.4070796633316,498.40758139125273
2020-11-3 02:34:05,491.4070796633316,498.33249331747993
2020-11-3 02:34:10,491.4070796633316,498.33249331747993
2020-11-3 02:34:15,491.4070796633316,498.33249331747993
2020-11-3 02:34:20,491.4070796633316,498.33249331747993
2020-11-3 02:34:25,491.4070796633316,498.33249331747993
2020-11-3 02:34:30,491.4070796633316,498.33249331747993
2020-11-3 02:34:35,491.4070796633316,498.33249331747993
2020-11-3 02:34:40,491.4070796633316,498.33249331747993
2020-11-3 02:34:45,491.4070796633316,498.33249331747993
2020-11-3 02:34:50,491.4070796633316,498.33249331747993
2020-11-3 02:34:55,491.4070796633316,498.2684981456869
2020-11-3 02:35:00,491.1707976511446,498.2065770403977
2020-11-3 02:35:05,491.1707976511446,497.9905325788934
2020-11-3 02:35:10,491.1707976511446,497.7777116763191
2020-11-3 02:35:15,491.1707976511446,497.7097160478432
2020-11-3 02:35:20,491.12932619525054,497.7097160478432
2020-11-3 02:35:25,491.12932619525054,497.5637025862254
2020-11-3 02:35:30,490.71367462656445,497.5637025862254
2020-11-3 02:35:35,490.71367462656445,497.5637025862254
2020-11-3 02:35:40,490.71367462656445,497.5637025862254
2020-11-3 02:35:45,490.71367462656445,497.5637025862254
2020-11-3 02:35:50,490.4725368748145,497.5637025862254
2020-11-3 02:35:55,490.4725368748145,497.335873623874
2020-11-3 02:36:00,490.4725368748145,497.229246070972
2020-11-3 02:36:05,490.4725368748145,497.1800297440504
2020-11-3 02:36:10,490.4725368748145,497.1271074089645
2020-11-3 02:36:15,490.42401436186657,497.1271074089645
2020-11-3 02:36:20,490.0486430242802,497.0730516769743
2020-11-3 02:36:25,490.0486430242802,497.0730516769743
2020-11-3 02:36:30,489.9122803086585,497.0730516769743
2020-11-3 02:36:35,489.9122803086585,496.98451342621644
2020-11-3 02:36:40,489.4485099929392,496.98451342621644
2020-11-3 02:36:45,489.24933432415366,496.93042230442813
2020-11-3 02:36:50,489.03542432586005,496.7430680211228
2020-11-3 02:36:55,488.5878273922026,496.66391206617686
2020-11-3 02:37:00,488.5878273922026,496.5886530391992
2020-11-3 02:37:05,488.3671946590388,496.355871567355
2020-11-3 02:37:10,488.3671946590388,496.21575106746303
2020-11-3 02:37:15,488.3671946590388,496.21575106746303
2020-11-3 02:37:20,487.8047851911801,496.17055982013636
2020-11-3 02:37:25,487.8047851911801,496.078793870058
2020-11-3 02:37:30,487.8047851911801,496.078793870058
2020-11-3 02:37:35,487.3647461957221,495.89406524640583
2020-11-3 02:37:40,487.3647461957221,495.5862755470703
2020-11-3 02:37:45,487.3647461957221,495.3654533951338
2020-11-3 02:37:50,487.3647461957221,495.25116154971033
2020-11-3 02:37:55,486.89949257961024,495.0050421945055
2020-11-3 02:38:00,486.89949257961024,494.83706649256135
2020-11-3 02:38:05,486.6835109212985,494.664800894538
2020-11-3 02:38:10,486.6835109212985,494.56905002280325
2020-11-3 02:38:15,486.6835109212985,494.51937401652884
2020-11-3 02:38:20,486.6835109212985,494.51937401652884
2020-11-3 02:38:25,486.6835109212985,494.51937401652884
2020-11-3 02:38:30,486.6835109212985,494.41173930406245
2020-11-3 02:38:35,486.6835109212985,494.41173930406245
2020-11-3 02:38:40,486.6835109212985,494.41173930406245
2020-11-3 02:38:45,486.5520707980772,494.41173930406245
2020-11-3 02:38:50,486.5520707980772,494.33190829313367
2020-11-3 02:38:55,486.5520707980772,494.2254241151052
2020-11-3 02:39:00,486.34801825185207,494.2254241151052
2020-11-3 02:39:05,486.34801825185207,494.02041011777084
2020-11-3 02:39:10,486.34801825185207,493.97239681184396
2020-11-3 02:39:15,486.04186189876253,493.92354166569135
2020-11-3 02:39:20,486.04092758991465,493.5810408286935
2020-11-3 02:39:25,486.04092758991465,493.44075558884737
2020-11-3 02:39:30,485.63262693160755,493.3711928055806
2020-11-3 02:39:35,485.37686861686984,493.23521967651595
2020-11-3 02:39:40,485.2833855905652,493.06084462372473
2020-11-3 02:39:45,485.2833855905652,493.0083646045446
2020-11-3 02:39:50,485.2833855905652,493.0083646045446
2020-11-3 02:39:55,485.2833855905652,492.9497098928029
2020-11-3 02:40:00,485.0157363168648,492.9497098928029
2020-11-3 02:40:05,485.0157363168648,492.85704879418694
2020-11-3 02:40:10,484.93674932296665,492.85704879418694
2020-11-3 02:40:15,484.87832623602725,492.80880166886243
2020-11-3 02:40:20,484.6916969342891,492.5489315885821
2020-11-3 02:40:25,484.6916969342891,492.36637958612465
2020-11-3 02:40:30,484.6916969342891,492.23931202565484
2020-11-3 02:40:35,484.6916969342891,492.1708519430186
2020-11-3 02:40:40,484.6916969342891,492.1708519430186
2020-11-3 02:40:45,484.6916969342891,492.1708519430186
2020-11-3 02:40:50,484.6916969342891,492.1708519430186
2020-11-3 02:40:55,484.6916969342891,492.1708519430186
2020-11-3 02:41:00,484.2491767176319,492.1708519430186
2020-11-3 02:41:05,484.2491767176319,492.1708519430186
2020-11-3 02:41:10,484.2491767176319,492.1708519430186
2020-11-3 02:41:15,484.2491767176319,492.1708519430186
2020-11-3 02:41:20,484.2491767176319,492.1708519430186
2020-11-3 02:41:25,484.2491767176319,492.1708519430186
2020-11-3 02:41:30,484.2491767176319,492.1708519430186
2020-11-3 02:41:35,484.2491767176319,492.0500051332187
2020-11-3 02:41:40,484.2491767176319,492.0500051332187
2020-11-3 02:41:45,484.2491767176319,492.0500051332187
2020-11-3 02:41:50,484.2491767176319,492.0500051332187
2020-11-3 02:41:55,484.2491767176319,491.9847306826719
2020-11-3 02:42:00,484.2491767176319,491.9847306826719
2020-11-3 02:42:05,484.2491767176319,491.8610509688276
2020-11-3 02:42:10,484.2491767176319,491.8610509688276
2020-11-3 02:42:15,484.2491767176319,491.8610509688276
2020-11-3 02:42:20,484.2491767176319,491.7282177148175
2020-11-3 02:42:25,484.2491767176319,491.7282177148175
2020-11-3 02:42:30,484.2491767176319,491.7282177148175
2020-11-3 02:42:35,484.2491767176319,491.7282177148175
2020-11-3 02:42:40,484.2491767176319,491.7282177148175
2020-11-3 02:42:45,484.2491767176319,491.7282177148175
2020-11-3 02:42:50,484.2491767176319,491.7282177148175
2020-11-3 02:42:55,484.2491767176319,491.6975296239788
2020-11-3 02:43:00,483.83465217409076,491.6975296239788
2020-11-3 02:43:05,483.83465217409076,491.6975296239788
2020-11-3 02:43:10,483.83465217409076,491.6975296239788
2020-11-3 02:43:15,484.0628037288753,491.6975296239788
2020-11-3 02:43:20,484.2135570553237,491.6975296239788
2020-11-3 02:43:25,484.2135570553237,491.8708482926524
2020-11-3 02:43:30,484.2135570553237,491.99058014932604
2020-11-3 02:43:35,484.2135570553237,491.99058014932604
2020-11-3 02:43:40,484.2135570553237,491.99058014932604
2020-11-3 02:43:45,484.39963206131944,492.23431325038086
2020-11-3 02:43:50,484.5414454753395,492.3740288379827
2020-11-3 02:43:55,484.59074129865445,492.3740288379827
2020-11-3 02:44:00,485.14542680351997,492.4628565792369
2020-11-3 02:44:05,485.14542680351997,492.6272406141696
2020-11-3 02:44:10,485.2306120682505,492.9669547696443
2020-11-3 02:44:15,485.8213906127963,493.2484696912295
2020-11-3 02:44:20,485.8213906127963,493.4827762016785
2020-11-3 02:44:25,485.90369899016474,493.7611492664277
2020-11-3 02:44:30,486.0723205306219,493.99593628298453
2020-11-3 02:44:35,486.43771360695024,494.0458444165251
2020-11-3 02:44:40,486.84433962519114,494.61577134240855
2020-11-3 02:44:45,486.84433962519114,494.8265055768836
2020-11-3 02:44:50,486.92614212189864,495.0228462667606
2020-11-3 02:44:55,487.0993312131178,495.0228462667606
2020-11-3 02:45:00,487.3006688532056,495.1080387985086
2020-11-3 02:45:05,487.85291910988417,495.52035602558516
2020-11-3 02:45:10,487.85291910988417,495.83311835817625
2020-11-3 02:45:15,487.92256038673565,495.83311835817625
2020-11-3 02:45:20,487.92256038673565,495.9320728245242
2020-11-3 02:45:25,488.5096073676836,496.17113283969275
2020-11-3 02:45:30,488.5096073676836,496.3383689403426
2020-11-3 02:45:35,488.5777442043579,496.55881987902524
2020-11-3 02:45:40,488.98436200134756,496.737616555813
2020-11-3 02:45:45,488.98436200134756,496.737616555813
2020-11-3 02:45:50,489.21045983294164,496.737616555813
2020-11-3 02:45:55,489.21045983294164,496.89999445599557
2020-11-3 02:46:00,489.6151790216999,497.0360228961554
2020-11-3 02:46:05,489.6151790216999,497.0360228961554
2020-11-3 02:46:10,489.6151790216999,497.0360228961554
2020-11-3 02:46:15,489.67727352776444,497.12782205362544
2020-11-3 02:46:20,490.21134444195184,497.18355332590176
2020-11-3 02:46:25,490.21134444195184,497.3871173396745
2020-11-3 02:46:30,490.21134444195184,497.3871173396745
2020-11-3 02:46:35,490.21134444195184,497.3871173396745
2020-11-3 02:46:40,490.29267042624053,497.3340344525294
2020-11-3 02:46:45,490.29267042624053,497.3340344525294
2020-11-3 02:46:50,490.29267042624053,497.2183337185418
2020-11-3 02:46:55,490.29267042624053,497.26293765097495
2020-11-3 02:47:00,490.29267042624053,497.3636727699137
2020-11-3 02:47:05,490.29267042624053,497.62218579461506
2020-11-3 02:47:10,490.30464475764023,497.76216720720134
2020-11-3 02:47:15,490.68373714129393,497.76216720720134
2020-11-3 02:47:20,490.68373714129393,497.76216720720134
2020-11-3 02:47:25,490.68373714129393,497.76216720720134
2020-11-3 02:47:30,490.68373714129393,497.76216720720134
2020-11-3 02:47:35,490.68373714129393,498.05034767302374
2020-11-3 02:47:40,490.68373714129393,498.1169263198299
2020-11-3 02:47:45,490.68373714129393,498.1836702493673
2020-11-3 02:47:50,490.68373714129393,498.1836702493673
2020-11-3 02:47:55,490.68373714129393,498.1836702493673
2020-11-3 02:48:00,490.73057988060054,498.2178331313493
2020-11-3 02:48:05,491.276784495898,498.27103572591216
2020-11-3 02:48:10,491.276784495898,498.44169758266713
2020-11-3 02:48:15,491.3196704262406,498.56085760058085
2020-11-3 02:48:20,491.3196704262406,498.7316661885936
2020-11-3 02:48:25,491.6611488986499,498.7316661885936
2020-11-3 02:48:30,491.6611488986499,498.7316661885936
